,time,tweet,word_count,char_count,Subjectivity,Polarity,Analysis
0,2020-07-03 09:18:50,"b': First, Indian Chingari app replacing Tiktok with millions of new subscribers, and now JioMeet set to take away users\xe2\x80\xa6'",20,133,0.3939393939393939,0.19318181818181818,Positive
1,2020-07-03 09:18:45,b'Way to to go JioMeet ,5,23,0.0,0.0,Neutral
2,2020-07-03 09:18:10,b': This is a literal ripoff  JioMeet _us Zoom',9,47,0.0,0.0,Neutral
3,2020-07-03 09:18:08,b'_saxena: Hi Zoom. Meet JioMeet \xf0\x9f\x98\x81\n(recd on WA) ,8,64,0.0,0.0,Neutral
4,2020-07-03 09:17:58,b'Zoom is chinese and JioMeet is indian App. \n\nFuck chinese and use indian . \nCKMKB \n\nJioPlatforms',16,104,0.0,0.0,Neutral
5,2020-07-03 09:17:53,b': Spot the 6 differences.. Zoom JioMeet ,7,42,0.0,0.0,Neutral
6,2020-07-03 09:17:53,b': can I copy ur assignments\n:sure but change a lil bit\nMeanwhile  \nzoom\nJioMeet ,12,86,0.0,0.0,Neutral
7,2020-07-03 09:17:34,"b': New Video -  - Setup, DEMO, How to Schedule meetings, JioMeet Quality, Audio, Vide\xe2\x80\xa6'",15,99,0.45454545454545453,0.13636363636363635,Positive
8,2020-07-03 09:17:33,"b'Sometimes no strategies are needed, imitation works best.\nJioMeet'",8,69,0.0,-0.13333333333333333,Negative
9,2020-07-03 09:17:31,"b'Jio Takes On Zoom, Google Meet With Free Video Conferencing App. Check Features\n\n  ",13,87,0.8,0.4,Positive
10,2020-07-03 09:17:27,"b'_plag_0: JioMeet takes on the platform from Zoom, now can support upto 100 participants\nSource _plag_0 ",15,106,0.0,0.0,Neutral
11,2020-07-03 09:17:10,b'JioMeet is a Brother of Zoom!\nJioMeet is a Copy of ZoomApp!\n\nJio Never make own Style App \xf0\x9f\x98\x80\xf0\x9f\x98\x80\xf0\x9f\x98\x80\n\nIf\xe2\x80\xa6 ,17,162,1.0,0.6,Positive
12,2020-07-03 09:17:10,"b'_tl: ""Hey, can I copy ur Homework?""\n\n""Yeah just change it up a bit so it doesn\'t look obvious u copied""\n\n""ok""\n\nzoom JioMeet http\xe2\x80\xa6'",22,150,0.5,0.25,Positive
13,2020-07-03 09:17:01,b'Spot 5 differences !\nJioMeetApp JioMeet ,5,43,0.0,0.0,Neutral
14,2020-07-03 09:16:56,b'What are the advantages of JioMeet compared to JitsiMeet ?',10,61,0.0,0.0,Neutral
15,2020-07-03 09:16:54,b'_saxena: Hi Zoom. Meet JioMeet \xf0\x9f\x98\x81\n(recd on WA) ,8,64,0.0,0.0,Neutral
16,2020-07-03 09:16:53,b'35067040: JioPlatforms\n JioMeet Zoom\nJio after making indian zoom app\xf0\x9f\x99\x82\nAmbani be like : ,12,108,0.0,0.0,Neutral
17,2020-07-03 09:16:44,b': Indians to Made in China apps:\n\nJioMeet\nZoom \nJioMeetApp ,8,65,0.0,0.0,Neutral
18,2020-07-03 09:16:26,b'Might have used their sketch file only\n\ndesign uxdesign Zoom JioMeet productdesign ,11,87,0.0,0.0,Neutral
19,2020-07-03 09:16:22,"b""Zoom\nEven it is copy also , i will use it, it's like how you wear cinema hero shirt.. \nJioPlatforms JioMeetApp ambani JioMeet""",22,130,0.0,0.0,Neutral
20,2020-07-03 09:16:22,b'_Stark_: Everyone complaining and making fun that JioMeet is a copy of Zoom \n\nMeanwhile Mukesh Ambani :\nZoom JioMeet JioPlatforms\xe2\x80\xa6',19,147,0.4,0.04999999999999999,Positive
21,2020-07-03 09:16:09,b'This is Indian Intelligence Law 2020 \nCtrl + c\nCtrl + v\nJioMeet ,11,69,0.0,0.0,Neutral
22,2020-07-03 09:15:55,b'_saxena: Hi Zoom. Meet JioMeet \xf0\x9f\x98\x81\n(recd on WA) ,8,64,0.0,0.0,Neutral
23,2020-07-03 09:15:47,"b': Zoom, one of the few success stories of the Covid-19 pandemic, now faces a new competitor in JioMeet. \n",20,108,0.18484848484848485,0.07878787878787878,Positive
24,2020-07-03 09:15:46,"b'Zoom\nJioMeet \nJioOnFire\nMukeshAmbani \nHere comes the ""Made in India"" alternative for Zoom from Reliance Jio\nJio\xe2\x80\xa6 ",14,131,0.0,0.0,Neutral
25,2020-07-03 09:15:32,"b' joins local ke liye vocal call\n\nPlay Store downloads surging, now over 100K\n\nCurrent market dynamics c\xe2\x80\xa6 ",16,122,0.0,0.0,Neutral
26,2020-07-03 09:15:25,b'_saxena: Hi Zoom. Meet JioMeet \xf0\x9f\x98\x81\n(recd on WA) ,8,64,0.0,0.0,Neutral
27,2020-07-03 09:15:19,"b"": The instruction probably given by Ambani was to 'make something like Zoom'.  The Jio team took that very seriously and lit\xe2\x80\xa6""",22,139,0.8666666666666667,-0.43333333333333335,Negative
28,2020-07-03 09:15:09,b'24: 305 JioMeet  take over Zoom \nChines Congressi Chamcho ke liye \xf0\x9f\x8d\x91\xf0\x9f\x94\xa5\xf0\x9f\x94\xa5\xf0\x9f\x94\xa5\xf0\x9f\x94\xa5 ,12,150,0.0,0.0,Neutral
29,2020-07-03 09:15:06,"b""1999: Can we jst promote our Made in INDIA app\nAnd it's really good,I have used it.\n \nJioMeet ",17,99,0.2,0.2,Positive
30,2020-07-03 09:15:06,b'19553866: JioPlatforms\nWhen zoom realized that JioMeet copied there design. ,9,79,0.0,0.0,Neutral
31,2020-07-03 09:14:33,b'517 Zoom is chinese and JioMeet is indian . \n\nFuck chinese and use indian . \nCKMKB \n\nJioPlatforms',17,105,0.0,0.0,Neutral
32,2020-07-03 09:14:18,b'_rajdoot: Everyone complaining and making fun that JioMeet is a copy of Zoom \n\nMeanwhile Mukesh Ambani :\nZoom JioMeet JioPlatf\xe2\x80\xa6',19,144,0.2,0.3,Positive
33,2020-07-03 09:14:07,b'_baby: China is not the only place where copy and paste is been done in technology \n\nMeet JioMeet brother of Zoom\n\n\xf0\x9f\x98\xa5\xf0\x9f\x99\x88\xf0\x9f\x99\x8a\xf0\x9f\x98\x82\xf0\x9f\xa4\xa6 ,21,202,1.0,0.0,Neutral
34,2020-07-03 09:13:52,b'_Stark_: Everyone complaining and making fun that JioMeet is a copy of Zoom \n\nMeanwhile Mukesh Ambani :\nZoom JioMeet JioPlatforms\xe2\x80\xa6',19,147,0.4,0.04999999999999999,Positive
35,2020-07-03 09:13:37,"b"": The instruction probably given by Ambani was to 'make something like Zoom'.  The Jio team took that very seriously and lit\xe2\x80\xa6""",22,139,0.8666666666666667,-0.43333333333333335,Negative
36,2020-07-03 09:13:28,b'_Stark_: Everyone complaining and making fun that JioMeet is a copy of Zoom \n\nMeanwhile Mukesh Ambani :\nZoom JioMeet JioPlatforms\xe2\x80\xa6',19,147,0.4,0.04999999999999999,Positive
37,2020-07-03 09:12:44,"b': New Video -  - Setup, DEMO, How to Schedule meetings, JioMeet Quality, Audio, Vide\xe2\x80\xa6'",15,99,0.45454545454545453,0.13636363636363635,Positive
38,2020-07-03 09:12:41,"b"": Jio Meet is exact replica of Zoom cloud meeting with some color gradient changes. I don't know why they are developed an a\xe2\x80\xa6""",24,139,0.275,0.175,Positive
39,2020-07-03 09:12:36,b': Zoom ZoomMeeting  JioMeetApp JioMeet \n\nJio be like ,8,57,0.0,0.0,Neutral
40,2020-07-03 09:12:11,"b""_india: In a filip to PMModi's call for local ke liye vocal amid ban on 59Chineseapps,  has launched a free video-con\xe2\x80\xa6""",21,132,0.4,0.2,Positive
41,2020-07-03 09:12:08,b'Indians to Made in China apps:\n\nJioMeet\nZoom \nJioMeetApp ,7,63,0.0,0.0,Neutral
42,2020-07-03 09:11:39,b'_Pirdhan: Reliance Jio\xc2\xa0today launched JioMeet video conferencing service on Google Play Store and App Store.The app can add up t\xe2\x80\xa6',20,150,0.0,0.0,Neutral
43,2020-07-03 09:11:37,b'_saxena: Hi Zoom. Meet JioMeet \xf0\x9f\x98\x81\n(recd on WA) ,8,64,0.0,0.0,Neutral
44,2020-07-03 09:11:35,"b""1999: Can we jst promote our Made in INDIA app\nAnd it's really good,I have used it.\n \nJioMeet ",17,99,0.2,0.2,Positive
45,2020-07-03 09:11:32,b' Zoom be like \nJioMeet ,5,26,0.0,0.0,Neutral
46,2020-07-03 09:11:21,b'8: After working hard on designing and graphics JioPlatforms launch JioMeet \nEmployees to ambani: ,14,101,0.5416666666666666,-0.2916666666666667,Negative
47,2020-07-03 09:11:12,b'19553866: JioPlatforms\nWhen zoom realized that JioMeet copied there design. ,9,79,0.0,0.0,Neutral
48,2020-07-03 09:10:28,"b'Ctrl+F ""Zoom"" ... Replace with ""JioMeet"".\n\nThis is what I did with my school projects! \n\nJioMeet'",15,103,0.0,0.0,Neutral
49,2020-07-03 09:10:21,b'_rajdoot: JioPlatforms\n JioMeet Zoom\nJio after making indian zoom app\xf0\x9f\x99\x82\nAmbani be like : ,12,108,0.0,0.0,Neutral
50,2020-07-03 09:10:15,b'19553866: JioPlatforms\nWhen zoom realized that JioMeet copied there design. ,9,79,0.0,0.0,Neutral
51,2020-07-03 09:10:08,b'JioPlatforms\n JioMeet Zoom\nJio after making indian zoom app\nAmbani be like : ,11,82,0.0,0.0,Neutral
52,2020-07-03 09:09:58,"b': First, Indian Chingari app replacing Tiktok with millions of new subscribers, and now JioMeet set to take away users\xe2\x80\xa6'",20,133,0.3939393939393939,0.19318181818181818,Positive
53,2020-07-03 09:09:50,"b"": JioMeet: Hey, can I copy your homework?\nZoom: Sure, just make it look different so it doesn't seem like you copied m\xe2\x80\xa6""",22,134,0.7444444444444445,0.25,Positive
54,2020-07-03 09:09:48,"b""Meet Zoom Meetings rip-off :- JioMeet\n\nAspects in which it's better then actual app -\n\n- 24 hrs meetings\n- Unlimite\xe2\x80\xa6 ",18,135,0.3666666666666667,0.033333333333333326,Positive
55,2020-07-03 09:09:39,b'24: 305 JioMeet  take over Zoom \nChines Congressi Chamcho ke liye \xf0\x9f\x8d\x91\xf0\x9f\x94\xa5\xf0\x9f\x94\xa5\xf0\x9f\x94\xa5\xf0\x9f\x94\xa5 ,12,150,0.0,0.0,Neutral
56,2020-07-03 09:09:24,"b': First, Indian Chingari app replacing Tiktok with millions of new subscribers, and now JioMeet set to take away users\xe2\x80\xa6'",20,133,0.3939393939393939,0.19318181818181818,Positive
57,2020-07-03 09:09:13,"b': ""Can i copy your homework?""\n\n""Sure, just change it up a little so that it doesnt look you copied it""\n\n""Sure thing""\xe2\x80\xa6'",21,135,0.7592592592592592,0.2708333333333333,Positive
58,2020-07-03 09:09:12,b'_rajdoot: Everyone complaining and making fun that JioMeet is a copy of Zoom \n\nMeanwhile Mukesh Ambani :\nZoom JioMeet JioPlatf\xe2\x80\xa6',19,144,0.2,0.3,Positive
59,2020-07-03 09:09:07,"b'Reliance Jio Takes on Zoom With JioMeet, Supports Calls With 100 People \n\nRelianceJio JioMeet indianmedia Zoom\xe2\x80\xa6 ",16,127,0.0,0.0,Neutral
60,2020-07-03 09:09:03,b'_Stark_: Everyone complaining and making fun that JioMeet is a copy of Zoom \n\nMeanwhile Mukesh Ambani :\nZoom JioMeet JioPlatforms\xe2\x80\xa6',19,147,0.4,0.04999999999999999,Positive
61,2020-07-03 09:08:58,b'24: 305 JioMeet  take over Zoom \nChines Congressi Chamcho ke liye \xf0\x9f\x8d\x91\xf0\x9f\x94\xa5\xf0\x9f\x94\xa5\xf0\x9f\x94\xa5\xf0\x9f\x94\xa5 ,12,150,0.0,0.0,Neutral
62,2020-07-03 09:08:53,b'_teams: JioPlatforms\n JioMeet Zoom\nJio after making indian zoom app\xf0\x9f\x99\x82\nAmbani be like : ,12,106,0.0,0.0,Neutral
63,2020-07-03 09:08:46,b'_baby: China is not the only place where copy and paste is been done in technology \n\nMeet JioMeet brother of Zoom\n\n\xf0\x9f\x98\xa5\xf0\x9f\x99\x88\xf0\x9f\x99\x8a\xf0\x9f\x98\x82\xf0\x9f\xa4\xa6 ,21,202,1.0,0.0,Neutral
64,2020-07-03 09:08:45,b'50: Greetings 40  I am here once again to drop my winning testimony.  Sir tunji adekoya you are indeed a miracle to\xe2\x80\xa6',22,130,0.75,0.5,Positive
65,2020-07-03 09:08:34,b'_chandler: *After comparing the interface of jio meet and zoom app*\nJioMeet Zoom ,12,84,0.0,0.0,Neutral
66,2020-07-03 09:08:33,"b': First, Indian Chingari app replacing Tiktok with millions of new subscribers, and now JioMeet set to take away users\xe2\x80\xa6'",20,133,0.3939393939393939,0.19318181818181818,Positive
67,2020-07-03 09:08:28,b'JioPlatforms\n JioMeet Zoom\nJio after making indian zoom app\xf0\x9f\x99\x82\nAmbani be like : ,11,98,0.0,0.0,Neutral
68,2020-07-03 09:08:27,"b': Now no more zoom barabar, zoom barabar? It\xe2\x80\x99s desi time: Jio mere laal... JioMeet MakeInIndia ",16,108,0.5,-0.375,Negative
69,2020-07-03 09:07:57,"b""That's how JioMeet takes on Zoom : ",7,37,0.0,0.0,Neutral
70,2020-07-03 09:07:44,b'19553866: JioPlatforms\nWhen zoom realized that JioMeet copied there design. ,9,79,0.0,0.0,Neutral
71,2020-07-03 09:07:19,b'Kudos JioMeet you\xe2\x80\x98ve made ripoff fashionable again. After all who cares about useless law like the intellectual p\xe2\x80\xa6 ,18,139,0.30000000000000004,-0.1,Negative
72,2020-07-03 09:07:18,"b': ""Can i copy your homework?""\n\n""Sure, just change it up a little so that it doesnt look you copied it""\n\n""Sure thing""\xe2\x80\xa6'",21,135,0.7592592592592592,0.2708333333333333,Positive
73,2020-07-03 09:07:17,"b': New Video -  - Setup, DEMO, How to Schedule meetings, JioMeet Quality, Audio, Vide\xe2\x80\xa6'",15,99,0.45454545454545453,0.13636363636363635,Positive
74,2020-07-03 09:07:14,b' achha hai na koi difference nahi hai. users dont have to train their mind. Unfriendly..  JioMeet',17,100,0.0,0.0,Neutral
75,2020-07-03 09:06:49,"b': ""Can i copy your homework?""\n\n""Sure, just change it up a little so that it doesn\'t look obvious"" \n\n""Sure thing""\n\nJioMee\xe2\x80\xa6'",20,142,0.6944444444444444,0.203125,Positive
76,2020-07-03 09:06:46,"b""I already have the distribution. I'll save money on design, and sit back and relax, as people on social media go cr\xe2\x80\xa6 ",22,130,0.03333333333333333,0.016666666666666666,Positive
77,2020-07-03 09:06:43,b'_Stark_: Everyone complaining and making fun that JioMeet is a copy of Zoom \n\nMeanwhile Mukesh Ambani :\nZoom JioMeet JioPlatforms\xe2\x80\xa6',19,147,0.4,0.04999999999999999,Positive
78,2020-07-03 09:06:42,b': JioMeet UI &amp; UX team take a bow. 0 iterations on designing the app. ,15,76,0.0,0.0,Neutral
79,2020-07-03 09:06:41,b'_saxena: Hi Zoom. Meet JioMeet \xf0\x9f\x98\x81\n(recd on WA) ,8,64,0.0,0.0,Neutral
80,2020-07-03 09:06:32,b'50: Greetings 40  I am here once again to drop my winning testimony.  Sir tunji adekoya you are indeed a miracle to\xe2\x80\xa6',22,130,0.75,0.5,Positive
81,2020-07-03 09:06:32,b'_Gulati: Copy Paste of Zoom UI will help JioMeet in 2 ways :\n1. Instant Adaptability to switch from zoom to JioMeet\n2. To make it\xe2\x80\xa6',24,146,0.6666666666666666,0.0,Neutral
82,2020-07-03 09:06:28,b'_teams: JioPlatforms\n JioMeet Zoom\nJio after making indian zoom app\xf0\x9f\x99\x82\nAmbani be like : ,12,106,0.0,0.0,Neutral
83,2020-07-03 09:06:28,"b': First, Indian Chingari app replacing Tiktok with millions of new subscribers, and now JioMeet set to take away users\xe2\x80\xa6'",20,133,0.3939393939393939,0.19318181818181818,Positive
84,2020-07-03 09:06:23,b'India\xe2\x80\x99s richest man takes on \xe2\x81\xa6_us\xe2\x81\xa9 by creating a carbon copy. Say hello to jiomeet  ,15,119,0.0,0.0,Neutral
85,2020-07-03 09:06:23,"b"": The instruction probably given by Ambani was to 'make something like Zoom'.  The Jio team took that very seriously and lit\xe2\x80\xa6""",22,139,0.8666666666666667,-0.43333333333333335,Negative
86,2020-07-03 09:06:19,b'India\xe2\x80\x99s Richest Man Takes on Zoom\n\nJioMeet looks like Zoom.\n\nA FreeCall for \xe2\x80\x9cup to 24 hours\xe2\x80\x9d \n\nJioPlatforms ha\xe2\x80\xa6 ,17,164,0.0,0.0,Neutral
87,2020-07-03 09:06:17,"b'So JioMeet almost copied the Zoom! Is that their strategy to get Indian Zoom users to their platform, smoothly!!\xe2\x80\xa6 ",19,127,0.0,0.0,Neutral
88,2020-07-03 09:06:14,"b': Seeing the debate of JioMeet &amp; Zoom and whether copying the UI was right or wrong, I can only say one thing - brilliant mar\xe2\x80\xa6'",26,144,0.8589285714285715,0.17142857142857143,Positive
89,2020-07-03 09:06:01,b'8: After working hard on designing and graphics JioPlatforms launch JioMeet \nEmployees to ambani: ,14,101,0.5416666666666666,-0.2916666666666667,Negative
90,2020-07-03 09:05:49,"b'Dear memers, stop making fun memes on JioMeetApp no matter if the interface is copied you should be proud of that\xe2\x80\xa6 ",21,128,0.6,0.55,Positive
91,2020-07-03 09:05:47,"b""16: Creating identical apps and products as of China will hurt CCP jokers. Keep doing guys we're here to back you up.\nJioMeet\xe2\x80\xa6""",22,141,0.0,0.0,Neutral
92,2020-07-03 09:05:43,b'8: After working hard on designing and graphics JioPlatforms launch JioMeet \nEmployees to ambani: ,14,101,0.5416666666666666,-0.2916666666666667,Negative
93,2020-07-03 09:05:37,b'Any PR is good PR. Sethji \xf0\x9f\x91\x8f JioMeet',8,53,0.6000000000000001,0.7,Positive
94,2020-07-03 09:05:35,"b': First, Indian Chingari app replacing Tiktok with millions of new subscribers, and now JioMeet set to take away users\xe2\x80\xa6'",20,133,0.3939393939393939,0.19318181818181818,Positive
95,2020-07-03 09:05:30,b'517: Spot the difference\nJioMeet JioPlatforms ,5,49,0.0,0.0,Neutral
96,2020-07-03 09:05:26,"b': Now no more zoom barabar, zoom barabar? It\xe2\x80\x99s desi time: Jio mere laal... JioMeet MakeInIndia ",16,108,0.5,-0.375,Negative
97,2020-07-03 09:05:23,b'19553866: JioPlatforms\nWhen zoom realized that JioMeet copied there design. ,9,79,0.0,0.0,Neutral
98,2020-07-03 09:04:57,"b': First, Indian Chingari app replacing Tiktok with millions of new subscribers, and now JioMeet set to take away users\xe2\x80\xa6'",20,133,0.3939393939393939,0.19318181818181818,Positive
99,2020-07-03 09:04:53,"b"": People are comparing similarity between JioMeetApp and Zoom.*\n\nLe me who didn't attended any class on Zoom and not going to\xe2\x80\xa6""",21,142,0.0,0.0,Neutral
100,2020-07-03 09:04:51,b'50: Greetings 40  I am here once again to drop my winning testimony.  Sir tunji adekoya you are indeed a miracle to\xe2\x80\xa6',22,130,0.75,0.5,Positive
101,2020-07-03 09:04:39,b'JioMeet after copying Zoom : ,5,31,0.0,0.0,Neutral
102,2020-07-03 09:04:38,b'_rajdoot: Everyone complaining and making fun that JioMeet is a copy of Zoom \n\nMeanwhile Mukesh Ambani :\nZoom JioMeet JioPlatf\xe2\x80\xa6',19,144,0.2,0.3,Positive
103,2020-07-03 09:04:37,"b': First, Indian Chingari app replacing Tiktok with millions of new subscribers, and now JioMeet set to take away users\xe2\x80\xa6'",20,133,0.3939393939393939,0.19318181818181818,Positive
104,2020-07-03 09:04:33,"b"": The instruction probably given by Ambani was to 'make something like Zoom'.  The Jio team took that very seriously and lit\xe2\x80\xa6""",22,139,0.8666666666666667,-0.43333333333333335,Negative
105,2020-07-03 09:04:28,"b"": Jio Meet is exact replica of Zoom cloud meeting with some color gradient changes. I don't know why they are developed an a\xe2\x80\xa6""",24,139,0.275,0.175,Positive
106,2020-07-03 09:04:11,"b'Good artists borrow, great artists steal Zoom JioMeet JioMeetApp ",9,67,0.675,0.75,Positive
107,2020-07-03 09:04:04,"b': Zoom, one of the few success stories of the Covid-19 pandemic, now faces a new competitor in JioMeet. \n",20,108,0.18484848484848485,0.07878787878787878,Positive
108,2020-07-03 09:03:55,"b""JioMeet: Reliance's free video-calling app arrives to challenge Zoom, Google Meet ",11,84,0.8,0.4,Positive
109,2020-07-03 09:03:43,b'8: After working hard on designing and graphics JioPlatforms launch JioMeet \nEmployees to ambani: ,14,101,0.5416666666666666,-0.2916666666666667,Negative
110,2020-07-03 09:03:38,b'74jangid: China is having test of his own medicine JioMeet ChinaVsWorld ,11,74,1.0,0.6,Positive
111,2020-07-03 09:03:32,"b""1999: Can we jst promote our Made in INDIA app\nAnd it's really good,I have used it.\n \nJioMeet ",17,99,0.2,0.2,Positive
112,2020-07-03 09:03:32,b'74jangid: China is having test of his own medicine JioMeet ChinaVsWorld ,11,74,1.0,0.6,Positive
113,2020-07-03 09:03:32,"b': 5 steps to develop JIO Meet:\n\n1) Clone Zoom App\n\n2) Change AppTitle = ""JioMeet"" &amp; AppColor = ""0220d0""\n\n3) Change shape = Bord\xe2\x80\xa6'",22,152,0.0,0.0,Neutral
114,2020-07-03 09:03:31,b'ModiInLeh Ladakh JioMeet JioMeetApp Zoom \nZoom was my classmate and i showed him my Answers in exam....he chea\xe2\x80\xa6 ,18,126,0.0,0.0,Neutral
115,2020-07-03 09:03:25,b'50: Greetings 40  I am here once again to drop my winning testimony.  Sir tunji adekoya you are indeed a miracle to\xe2\x80\xa6',22,130,0.75,0.5,Positive
116,2020-07-03 09:03:22,b'517: Spot the difference\nJioMeet JioPlatforms ,5,49,0.0,0.0,Neutral
117,2020-07-03 09:03:18,b'What a difference ?\n\nJioMeet Zoom \n\n ,6,43,0.0,0.0,Neutral
118,2020-07-03 09:03:17,b': Time to support Swadeshi &amp; lets ban Zoom - download JioMeet by  \n\nHope    \xe2\x80\xa6',15,97,0.0,0.0,Neutral
119,2020-07-03 09:03:16,b'_saxena: Hi Zoom. Meet JioMeet \xf0\x9f\x98\x81\n(recd on WA) ,8,64,0.0,0.0,Neutral
120,2020-07-03 09:03:14,"b': Now no more zoom barabar, zoom barabar? It\xe2\x80\x99s desi time: Jio mere laal... JioMeet MakeInIndia ",16,108,0.5,-0.375,Negative
121,2020-07-03 09:03:03,"b': New Video -  - Setup, DEMO, How to Schedule meetings, JioMeet Quality, Audio, Vide\xe2\x80\xa6'",15,99,0.45454545454545453,0.13636363636363635,Positive
122,2020-07-03 09:03:01,"b""_india: In a filip to PMModi's call for local ke liye vocal amid ban on 59Chineseapps,  has launched a free video-con\xe2\x80\xa6""",21,132,0.4,0.2,Positive
123,2020-07-03 09:02:41,b'_crats: RelianceJio launced JioMeet  video-conferencing application to take on Zoom ,10,86,0.0,0.0,Neutral
124,2020-07-03 09:02:35,b'_saxena: Hi Zoom. Meet JioMeet \xf0\x9f\x98\x81\n(recd on WA) ,8,64,0.0,0.0,Neutral
125,2020-07-03 09:02:34,b'Nomore zoom now. Use swadeshi.\nJiomeet.\nMakeInIndia jiomeet  _bank  _Support\xe2\x80\xa6 ,8,93,0.0,0.0,Neutral
126,2020-07-03 09:02:18,b'_saxena: Hi Zoom. Meet JioMeet \xf0\x9f\x98\x81\n(recd on WA) ,8,64,0.0,0.0,Neutral
127,2020-07-03 09:02:14,b'_chandler: *After comparing the interface of jio meet and zoom app*\nJioMeet Zoom ,12,84,0.0,0.0,Neutral
128,2020-07-03 09:02:12,"b'. takes on Joom, launched a free video calling app JioMeet.  JioPlatforms\xe2\x80\xa6 ",12,88,0.8,0.4,Positive
129,2020-07-03 09:02:08,"b': New Video -  - Setup, DEMO, How to Schedule meetings, JioMeet Quality, Audio, Vide\xe2\x80\xa6'",15,99,0.45454545454545453,0.13636363636363635,Positive
130,2020-07-03 09:02:06,"b': First, Indian Chingari app replacing Tiktok with millions of new subscribers, and now JioMeet set to take away users\xe2\x80\xa6'",20,133,0.3939393939393939,0.19318181818181818,Positive
131,2020-07-03 09:02:03,"b'Reliance launches free JioMeet which is so much like Zoom.\n We never know how Jio will upside down the plans, bu\xe2\x80\xa6 ",21,128,0.42962962962962964,0.14814814814814817,Positive
132,2020-07-03 09:02:02,b'Where do you think Jio Meet got its design inspiration from?\n.\n.\nFollow us  for more visually informativ\xe2\x80\xa6 ,16,122,0.25,0.25,Positive
133,2020-07-03 09:01:59,"b""1999: Can we jst promote our Made in INDIA app\nAnd it's really good,I have used it.\n \nJioMeet ",17,99,0.2,0.2,Positive
134,2020-07-03 09:01:55,"b': ""Can i copy your homework?""\n\n""Sure, just change it up a little so that it doesn\'t look obvious"" \n\n""Sure thing""\n\nJioMee\xe2\x80\xa6'",20,142,0.6944444444444444,0.203125,Positive
135,2020-07-03 09:01:52,b'RelianceJio launced JioMeet  video-conferencing application to take on Zoom ,9,78,0.0,0.0,Neutral
136,2020-07-03 09:01:50,"b"": The instruction probably given by Ambani was to 'make something like Zoom'.  The Jio team took that very seriously and lit\xe2\x80\xa6""",22,139,0.8666666666666667,-0.43333333333333335,Negative
137,2020-07-03 09:01:45,b'50: Greetings 40  I am here once again to drop my winning testimony.  Sir tunji adekoya you are indeed a miracle to\xe2\x80\xa6',22,130,0.75,0.5,Positive
138,2020-07-03 09:01:34,"b"": The instruction probably given by Ambani was to 'make something like Zoom'.  The Jio team took that very seriously and lit\xe2\x80\xa6""",22,139,0.8666666666666667,-0.43333333333333335,Negative
139,2020-07-03 09:01:19,b'_Pirdhan: Reliance Jio\xc2\xa0today launched JioMeet video conferencing service on Google Play Store and App Store.The app can add up t\xe2\x80\xa6',20,150,0.0,0.0,Neutral
140,2020-07-03 09:01:03,b'JioMeet while working on JioMeetApp Zoom ,6,43,0.0,0.0,Neutral
141,2020-07-03 09:01:01,b'Jio Meet looks like white label version of Zoom.\nWell done Mukesh Ambani.\nJioMeet JioPlatforms',13,99,0.0,0.0,Neutral
142,2020-07-03 09:00:52,"b""1999: Can we jst promote our Made in INDIA app\nAnd it's really good,I have used it.\n \nJioMeet ",17,99,0.2,0.2,Positive
143,2020-07-03 09:00:50,"b""_india: In a filip to PMModi's call for local ke liye vocal amid ban on 59Chineseapps,  has launched a free video-con\xe2\x80\xa6""",21,132,0.4,0.2,Positive
144,2020-07-03 09:00:18,"b""_india: In a filip to PMModi's call for local ke liye vocal amid ban on 59Chineseapps,  has launched a free video-con\xe2\x80\xa6""",21,132,0.4,0.2,Positive
145,2020-07-03 09:00:18,b'_teams: JioPlatforms\n JioMeet Zoom\nJio after making indian zoom app\xf0\x9f\x99\x82\nAmbani be like : ,12,106,0.0,0.0,Neutral
146,2020-07-03 09:00:14,"b': First, Indian Chingari app replacing Tiktok with millions of new subscribers, and now JioMeet set to take away users\xe2\x80\xa6'",20,133,0.3939393939393939,0.19318181818181818,Positive
147,2020-07-03 09:00:12,"b'_tl: ""Hey, can I copy ur Homework?""\n\n""Yeah just change it up a bit so it doesn\'t look obvious u copied""\n\n""ok""\n\nzoom JioMeet http\xe2\x80\xa6'",22,150,0.5,0.25,Positive
148,2020-07-03 09:00:05,b' launched zoom in India.... \xf0\x9f\x98\x85\nJioPlatforms JioMeet Zoom ,8,74,0.0,0.0,Neutral
149,2020-07-03 08:59:42,b'8: After working hard on designing and graphics JioPlatforms launch JioMeet \nEmployees to ambani: ,14,101,0.5416666666666666,-0.2916666666666667,Negative
150,2020-07-03 08:59:34,"b""Downloaded jio meet &amp; when opened it, I went into a mode of zoom call. After 30 min, I realised that I'm using jio\xe2\x80\xa6 ",24,133,0.0,0.0,Neutral
151,2020-07-03 08:59:21,"b'_tl: ""Hey, can I copy ur Homework?""\n\n""Yeah just change it up a bit so it doesn\'t look obvious u copied""\n\n""ok""\n\nzoom JioMeet http\xe2\x80\xa6'",22,150,0.5,0.25,Positive
152,2020-07-03 08:59:11,b'Reliance Jio Launches Free Video Conferencing App jioMeet for Public Use..',11,77,0.43333333333333335,0.2,Positive
153,2020-07-03 08:59:10,"b'Zoom, one of the few success stories of the Covid-19 pandemic, now faces a new competitor in JioMeet. \n",19,106,0.18484848484848485,0.07878787878787878,Positive
154,2020-07-03 08:58:54,b'42847033:  Greetings   I am here once again to drop my winning testimony.  Sir tunji adekoya you\xe2\x80\xa6',16,111,0.75,0.5,Positive
155,2020-07-03 08:58:48,"b""1999: Can we jst promote our Made in INDIA app\nAnd it's really good,I have used it.\n \nJioMeet ",17,99,0.2,0.2,Positive
156,2020-07-03 08:58:47,"b""11024344: Jio launched video conferencing app i.e JioMeet . It's totally work &amp; look like Zoom . JioMeet is totally an indian ap\xe2\x80\xa6""",23,147,0.75,0.0,Neutral
157,2020-07-03 08:58:41,b': Have you tried JioMeet ? Howz the experience?\n,9,51,0.0,0.0,Neutral
158,2020-07-03 08:58:32,"b"": Amid growing calls for 'Made in India' digital tools, Reliance Jio has launched a free video-conferencing application called \xe2\x80\xa6""",20,142,0.4,0.2,Positive
159,2020-07-03 08:58:25,b'_saxena: Hi Zoom. Meet JioMeet \xf0\x9f\x98\x81\n(recd on WA) ,8,64,0.0,0.0,Neutral
160,2020-07-03 08:58:24,b':  launches JioMeet as soon as government bans Zoom\n\nMukesh Ambani: ,10,72,0.0,0.0,Neutral
161,2020-07-03 08:58:18,"b""In a filip to PMModi's call for local ke liye vocal amid ban on 59Chineseapps,  has launched a free v\xe2\x80\xa6 ",20,116,0.4,0.2,Positive
162,2020-07-03 08:58:13,"b'Made in India digital tools, Reliance\xc2\xa0Jio\xc2\xa0has launched a free video-conferencing application called\xc2\xa0JioMeet ",12,131,0.4,0.2,Positive
163,2020-07-03 08:58:03,b'This can be the smoothest and biggest transition of users. \n\nZoom -&gt; JioMeet \n\nI think the reason why they kept t\xe2\x80\xa6 ,21,135,0.0,0.0,Neutral
164,2020-07-03 08:57:59,b'_saxena: Hi Zoom. Meet JioMeet \xf0\x9f\x98\x81\n(recd on WA) ,8,64,0.0,0.0,Neutral
165,2020-07-03 08:57:49,b': Welp Zoom JioMeet ,4,22,0.0,0.0,Neutral
166,2020-07-03 08:57:40,b'50: Greetings 40  I am here once again to drop my winning testimony.  Sir tunji adekoya you are indeed a miracle to\xe2\x80\xa6',22,130,0.75,0.5,Positive
167,2020-07-03 08:57:16,"b""_Fang_HK: Everyone is asking what's the difference..??\xf0\x9f\xa4\x94\nThe difference is your security, your privacy, and your sovereignty..\xf0\x9f\x87\xae\xf0\x9f\x87\xb3\xf0\x9f\x87\xae\xf0\x9f\x87\xb3\xe2\x80\xa6""",16,220,0.0,0.0,Neutral
168,2020-07-03 08:57:16,b'_Stark_: Everyone complaining and making fun that JioMeet is a copy of Zoom \n\nMeanwhile Mukesh Ambani :\nZoom JioMeet JioPlatforms\xe2\x80\xa6',19,147,0.4,0.04999999999999999,Positive
169,2020-07-03 08:56:55,b'_saxena: Hi Zoom. Meet JioMeet \xf0\x9f\x98\x81\n(recd on WA) ,8,64,0.0,0.0,Neutral
170,2020-07-03 08:56:51,"b'Zoom app is shamelessly copied by JioMeet Mukesh Ambani, the Zoom authorities must sue Ambanis for not following\xe2\x80\xa6 ",18,127,0.0,0.0,Neutral
171,2020-07-03 08:56:37,b': JioMeet quick look: How to video call with 100 people for free and how it compares with Zoom\n\n,19,100,0.65,0.3666666666666667,Positive
172,2020-07-03 08:56:16,"b': Seeing the debate of JioMeet &amp; Zoom and whether copying the UI was right or wrong, I can only say one thing - brilliant mar\xe2\x80\xa6'",26,144,0.8589285714285715,0.17142857142857143,Positive
173,2020-07-03 08:56:15,"b""JioMeet India's own HD video conferencing app! Open for all now...no invite codes needed!!! -\xe2\x80\xa6 ",15,108,0.75,0.375,Positive
174,2020-07-03 08:56:05,"b"": India's Reliance Jio launches JioMeet, a Zoom-like video-conference service\n\nThe app is available across platforms, includ\xe2\x80\xa6""",16,141,0.4,0.4,Positive
175,2020-07-03 08:55:50,b'_saxena: Hi Zoom. Meet JioMeet \xf0\x9f\x98\x81\n(recd on WA) ,8,64,0.0,0.0,Neutral
176,2020-07-03 08:55:41,"b'JioMeet is now available for Android, iOS, macOS and Windows. Should Zoom be worried?\nJioMeet Jio videoconference ",16,117,0.4,0.4,Positive
177,2020-07-03 08:55:28,"b': First, Indian Chingari app replacing Tiktok with millions of new subscribers, and now JioMeet set to take away users\xe2\x80\xa6'",20,133,0.3939393939393939,0.19318181818181818,Positive
178,2020-07-03 08:55:05,"b': New Video -  - Setup, DEMO, How to Schedule meetings, JioMeet Quality, Audio, Vide\xe2\x80\xa6'",15,99,0.45454545454545453,0.13636363636363635,Positive
179,2020-07-03 08:55:05,b'_Feeders: \xf0\x9f\x98\x81\xf0\x9f\x98\x81\xf0\x9f\x98\x81 Jio meet\n\nMeanwhile jio meet an indian app \xf0\x9f\x94\xa5\n.\n.\nmemesdaily MEMES memes2020 JioMeet Zoom internet Jio Online\xe2\x80\xa6',17,202,0.0,0.0,Neutral
180,2020-07-03 08:54:54,"b'I think Ambani is just trying to make a point that we can copy too, maybe better than them. JioMeet ",20,102,0.5,0.5,Positive
181,2020-07-03 08:54:30,b': Zoom ZoomMeeting  JioMeetApp JioMeet \n\nJio be like ,8,57,0.0,0.0,Neutral
182,2020-07-03 08:54:27,"b""JioPlatforms\nWe should use JioMeet as it's interface is same as zoom and we should be VocalForLocal""",16,103,0.125,0.0,Neutral
183,2020-07-03 08:54:10,b'JioMeet enters the virtual meeting space. ,6,44,0.0,0.0,Neutral
184,2020-07-03 08:53:57,b'jiomeet is copy of Zoom \nMeanwhile Indian citizens : ,9,56,0.0,0.0,Neutral
185,2020-07-03 08:53:56,b'Zoom ZoomMeeting  JioMeetApp JioMeet \n\nJio be like ,7,55,0.0,0.0,Neutral
186,2020-07-03 08:53:46,"b': New Video -  - Setup, DEMO, How to Schedule meetings, JioMeet Quality, Audio, Vide\xe2\x80\xa6'",15,99,0.45454545454545453,0.13636363636363635,Positive
187,2020-07-03 08:53:25,b'JioPlatforms\n JioMeet Zoom\nJio after making indian zoom app\xf0\x9f\x99\x82\nAmbani be like : ,11,98,0.0,0.0,Neutral
188,2020-07-03 08:53:03,b'China is not the only place where copy and paste is been done in technology \n\nMeet JioMeet brother of Zoom\nAaila\xe2\x80\xa6 ,20,130,1.0,0.0,Neutral
189,2020-07-03 08:53:01,"b'_sambit: A thread on JioMeet\n\n1/n\n\nAs we all know, JioMeet is launched and I was excited to use this app get a feel of its feat\xe2\x80\xa6'",25,146,0.75,0.375,Positive
190,2020-07-03 08:53:00,"b"": Amid growing calls for 'Made in India' digital tools, Reliance Jio has launched a free video-conferencing application called \xe2\x80\xa6""",20,142,0.4,0.2,Positive
191,2020-07-03 08:52:58,b'Is there any reason why round corners are less  :p\nJioMeet Zoom twins ,12,73,0.23333333333333334,-0.18333333333333335,Negative
192,2020-07-03 08:52:55,b'1: When someone asks Mukeshbhai about similarities between JioMeet and Zoom \n\nMakeInIndia ,12,94,0.0,0.0,Neutral
193,2020-07-03 08:52:48,"b': First, Indian Chingari app replacing Tiktok with millions of new subscribers, and now JioMeet set to take away users\xe2\x80\xa6'",20,133,0.3939393939393939,0.19318181818181818,Positive
194,2020-07-03 08:52:43,b': This is what happens when you copy answers in your childhood. LoL\nJioMeet BoycottChineseProduct ,14,101,0.0,0.0,Neutral
195,2020-07-03 08:52:25,b'Timing level of this when India just banned 59 apps out of which few were video conferencing and webinars:- mukesh\xe2\x80\xa6 ,20,129,0.1,-0.2,Negative
196,2020-07-03 08:52:21,b'_saxena: Hi Zoom. Meet JioMeet \xf0\x9f\x98\x81\n(recd on WA) ,8,64,0.0,0.0,Neutral
197,2020-07-03 08:52:17,b': New video is up\xf0\x9f\x98\x8d show ur luv and support\nLink:-  Nimu Kanpur JioMeet FridayThoughts h\xe2\x80\xa6',15,118,0.45454545454545453,0.13636363636363635,Positive
198,2020-07-03 08:52:13,"b': 5 steps to develop JIO Meet:\n\n1) Clone Zoom App\n\n2) Change AppTitle = ""JioMeet"" &amp; AppColor = ""0220d0""\n\n3) Change shape = Bord\xe2\x80\xa6'",22,152,0.0,0.0,Neutral
199,2020-07-03 08:52:13,b'24: 305 JioMeet  take over Zoom \nChines Congressi Chamcho ke liye \xf0\x9f\x8d\x91\xf0\x9f\x94\xa5\xf0\x9f\x94\xa5\xf0\x9f\x94\xa5\xf0\x9f\x94\xa5 ,12,150,0.0,0.0,Neutral
200,2020-07-03 08:52:11,"b""Meet Zoom Meetings rip-off :- JioMeet\n\nAspects in which it's better then actual app -\n\n- 24 hrs meetings\n- Unlimite\xe2\x80\xa6 ",18,135,0.3666666666666667,0.033333333333333326,Positive
201,2020-07-03 08:52:04,b'_baby: China is not the only place where copy and paste is been done in technology \n\nMeet JioMeet brother of Zoom\n\n\xf0\x9f\x98\xa5\xf0\x9f\x99\x88\xf0\x9f\x99\x8a\xf0\x9f\x98\x82\xf0\x9f\xa4\xa6 ,21,202,1.0,0.0,Neutral
202,2020-07-03 08:52:00,b'_chandler: *After comparing the interface of jio meet and zoom app*\nJioMeet Zoom ,12,84,0.0,0.0,Neutral
203,2020-07-03 08:51:54,b'8: After working hard on designing and graphics JioPlatforms launch JioMeet \nEmployees to ambani: ,14,101,0.5416666666666666,-0.2916666666666667,Negative
204,2020-07-03 08:51:44,"b"": JioMeet: Hey, can I copy your homework?\nZoom: Sure, just make it look different so it doesn't seem like you copied me.\nJioM\xe2\x80\xa6""",22,142,0.7444444444444445,0.25,Positive
205,2020-07-03 08:51:41,"b"": Jio Meet is exact replica of Zoom cloud meeting with some color gradient changes. I don't know why they are developed an a\xe2\x80\xa6""",24,139,0.275,0.175,Positive
206,2020-07-03 08:51:37,"b'_sambit: A thread on JioMeet\n\n1/n\n\nAs we all know, JioMeet is launched and I was excited to use this app get a feel of its feat\xe2\x80\xa6'",25,146,0.75,0.375,Positive
207,2020-07-03 08:51:32,b'_Pirdhan: Reliance Jio\xc2\xa0today launched JioMeet video conferencing service on Google Play Store and App Store.The app can add up t\xe2\x80\xa6',20,150,0.0,0.0,Neutral
208,2020-07-03 08:51:31,b'_teams: JioPlatforms\n JioMeet Zoom\nJio after making indian zoom app\xf0\x9f\x99\x82\nAmbani be like : ,12,106,0.0,0.0,Neutral
209,2020-07-03 08:51:30,b'8: After working hard on designing and graphics JioPlatforms launch JioMeet \nEmployees to ambani: ,14,101,0.5416666666666666,-0.2916666666666667,Negative
210,2020-07-03 08:51:28,"b"": People are comparing similarity between JioMeetApp and Zoom.*\n\nLe me who didn't attended any class on Zoom and not going to\xe2\x80\xa6""",21,142,0.0,0.0,Neutral
211,2020-07-03 08:51:27,"b"": People are comparing similarity between JioMeetApp and Zoom.*\n\nLe me who didn't attended any class on Zoom and not going to\xe2\x80\xa6""",21,142,0.0,0.0,Neutral
212,2020-07-03 08:51:24,b'_chandler: *After comparing the interface of jio meet and zoom app*\nJioMeet Zoom ,12,84,0.0,0.0,Neutral
213,2020-07-03 08:51:21,b'_Pirdhan: Reliance Jio\xc2\xa0today launched JioMeet video conferencing service on Google Play Store and App Store.The app can add up t\xe2\x80\xa6',20,150,0.0,0.0,Neutral
214,2020-07-03 08:51:19,"b': First, Indian Chingari app replacing Tiktok with millions of new subscribers, and now JioMeet set to take away users\xe2\x80\xa6'",20,133,0.3939393939393939,0.19318181818181818,Positive
215,2020-07-03 08:51:14,b'_teams: JioPlatforms\n JioMeet Zoom\nJio after making indian zoom app\xf0\x9f\x99\x82\nAmbani be like : ,12,106,0.0,0.0,Neutral
216,2020-07-03 08:51:10,"b""1999: Can we jst promote our Made in INDIA app\nAnd it's really good,I have used it.\n \nJioMeet ",17,99,0.2,0.2,Positive
217,2020-07-03 08:51:03,"b"": Amid growing calls for 'Made in India' digital tools, Reliance Jio has launched a free video-conferencing application called \xe2\x80\xa6""",20,142,0.4,0.2,Positive
218,2020-07-03 08:51:00,b'74jangid: China is having test of his own medicine JioMeet ChinaVsWorld ,11,74,1.0,0.6,Positive
219,2020-07-03 08:50:59,b'_saxena: Hi Zoom. Meet JioMeet \xf0\x9f\x98\x81\n(recd on WA) ,8,64,0.0,0.0,Neutral
220,2020-07-03 08:50:58,b'_rajdoot: Everyone complaining and making fun that JioMeet is a copy of Zoom \n\nMeanwhile Mukesh Ambani :\nZoom JioMeet JioPlatf\xe2\x80\xa6',19,144,0.2,0.3,Positive
221,2020-07-03 08:50:37,b'JioMeet JioMeetApp is Better than Chinese Zoom',7,49,0.25,0.25,Positive
222,2020-07-03 08:50:33,"b"": The instruction probably given by Ambani was to 'make something like Zoom'.  The Jio team took that very seriously and lit\xe2\x80\xa6""",22,139,0.8666666666666667,-0.43333333333333335,Negative
223,2020-07-03 08:50:29,"b"": People are comparing similarity between JioMeetApp and Zoom.*\n\nLe me who didn't attended any class on Zoom and not going to\xe2\x80\xa6""",21,142,0.0,0.0,Neutral
224,2020-07-03 08:50:09,b'_Stark_: Everyone complaining and making fun that JioMeet is a copy of Zoom \n\nMeanwhile Mukesh Ambani :\nZoom JioMeet JioPlatforms\xe2\x80\xa6',19,147,0.4,0.04999999999999999,Positive
225,2020-07-03 08:50:06,"b"": JioMeet: Hey, can I copy your homework?\nZoom: Sure, just make it look different so it doesn't seem like you copied me.\nJioM\xe2\x80\xa6""",22,142,0.7444444444444445,0.25,Positive
226,2020-07-03 08:50:06,b'50: Greetings 40  I am here once again to drop my winning testimony.  Sir tunji adekoya you are indeed a miracle to\xe2\x80\xa6',22,130,0.75,0.5,Positive
227,2020-07-03 08:50:06,b'_XD: People are complaining about Jiomeet to be copy cat of zoom. There has been ground breaking innovation of making square ico\xe2\x80\xa6',22,143,0.0,0.0,Neutral
228,2020-07-03 08:50:02,"b': New Video -  - Setup, DEMO, How to Schedule meetings, JioMeet Quality, Audio, Vide\xe2\x80\xa6'",15,99,0.45454545454545453,0.13636363636363635,Positive
229,2020-07-03 08:50:01,b'_teams: JioPlatforms\n JioMeet Zoom\nJio after making indian zoom app\xf0\x9f\x99\x82\nAmbani be like : ,12,106,0.0,0.0,Neutral
230,2020-07-03 08:49:59,"b'4u: CHINA IS GOOD IN HARD WORK, INDIA IS BEST IN SMAWORK.\n First, Indian ROPOSO Chingari apps replacing Tiktok with mi\xe2\x80\xa6'",21,134,0.44375,0.4145833333333333,Positive
231,2020-07-03 08:49:47,b'8: After working hard on designing and graphics JioPlatforms launch JioMeet \nEmployees to ambani: ,14,101,0.5416666666666666,-0.2916666666666667,Negative
232,2020-07-03 08:49:44,"b': New Video -  - Setup, DEMO, How to Schedule meetings, JioMeet Quality, Audio, Vide\xe2\x80\xa6'",15,99,0.45454545454545453,0.13636363636363635,Positive
233,2020-07-03 08:49:43,"b""When you get a dozen investors and still can't find a decent product manager! With all the tout behind data being t\xe2\x80\xa6 ",22,130,0.6833333333333333,-0.09583333333333335,Negative
234,2020-07-03 08:49:35,b'517: Spot the difference\nJioMeet JioPlatforms ,5,49,0.0,0.0,Neutral
235,2020-07-03 08:49:33,"b'New Video -  - Setup, DEMO, How to Schedule meetings, JioMeet Quality, Audio,\xe2\x80\xa6 ",13,92,0.45454545454545453,0.13636363636363635,Positive
236,2020-07-03 08:49:20,b'74jangid: China is having test of his own medicine JioMeet ChinaVsWorld ,11,74,1.0,0.6,Positive
237,2020-07-03 08:49:17,"b'JioMeet \nZoom \nWhile copying interface from zoom,  jio meet developers be like \xf0\x9f\x91\x87\xf0\x9f\x91\x87\xf0\x9f\x91\x87 ",13,132,0.0,0.0,Neutral
238,2020-07-03 08:49:16,b'_Pirdhan: Reliance Jio\xc2\xa0today launched JioMeet video conferencing service on Google Play Store and App Store.The app can add up t\xe2\x80\xa6',20,150,0.0,0.0,Neutral
239,2020-07-03 08:49:12,"b': Seeing the debate of JioMeet &amp; Zoom and whether copying the UI was right or wrong, I can only say one thing - brilliant mar\xe2\x80\xa6'",26,144,0.8589285714285715,0.17142857142857143,Positive
240,2020-07-03 08:48:46,b'50: Greetings 40  I am here once again to drop my winning testimony.  Sir tunji adekoya you are indeed a miracle to\xe2\x80\xa6',22,130,0.75,0.5,Positive
241,2020-07-03 08:48:43,b': . launches JioMeet as soon as government bans Zoom ,10,55,0.0,0.0,Neutral
242,2020-07-03 08:48:36,"b'CHINA IS GOOD IN HARD WORK, INDIA IS BEST IN SMAWORK.\n First, Indian ROPOSO Chingari apps replacing Tiktok\xe2\x80\xa6 ",18,122,0.44375,0.4145833333333333,Positive
243,2020-07-03 08:48:23,"b': First, Indian Chingari app replacing Tiktok with millions of new subscribers, and now JioMeet set to take away users\xe2\x80\xa6'",20,133,0.3939393939393939,0.19318181818181818,Positive
244,2020-07-03 08:48:23,b'This is what happens when you copy answers in your childhood. LoL\nJioMeet BoycottChineseProduct ,13,99,0.0,0.0,Neutral
245,2020-07-03 08:48:03,"b': First, Indian Chingari app replacing Tiktok with millions of new subscribers, and now JioMeet set to take away users\xe2\x80\xa6'",20,133,0.3939393939393939,0.19318181818181818,Positive
246,2020-07-03 08:47:59,b'Everyone complaining and making fun that JioMeet is a copy of Zoom \n\nMeanwhile Mukesh Ambani :\nZoom JioMeet\xe2\x80\xa6 ,17,125,0.2,0.3,Positive
247,2020-07-03 08:47:48,b'Today PM modi Visited the India China border in Ladakh\n\nClick here\xf0\x9f\x91\x87 to watch the event\n ,15,108,0.0,0.0,Neutral
248,2020-07-03 08:47:30,b'Just look at the similarity between Zoom and JioMeet ,9,55,0.0,0.0,Neutral
249,2020-07-03 08:46:47,b'*After comparing the interface of jio meet and zoom app*\nJioMeet Zoom ,11,73,0.0,0.0,Neutral
250,2020-07-03 08:46:44,b'50: Greetings 40  I am here once again to drop my winning testimony.  Sir tunji adekoya you are indeed a miracle to\xe2\x80\xa6',22,130,0.75,0.5,Positive
251,2020-07-03 08:46:24,b'Everyone - JioMeet is a copy of Zoom App\n\nMukesh Ambani - ,11,62,0.0,0.0,Neutral
252,2020-07-03 08:46:17,b'JioMeet Jio launches JioMeet..\nMeanwhile Zoom owners- ,6,57,0.0,0.0,Neutral
253,2020-07-03 08:45:58,"b""JioMeetApp and Zoom *\n\nLe me who didn't attended any class on Zoom and not going to attend class on JioMeet :- ",21,115,0.0,0.0,Neutral
254,2020-07-03 08:45:44,b'_Stark_: Everyone complaining and making fun that JioMeet is a copy of Zoom \n\nMeanwhile Mukesh Ambani :\nZoom JioMeet JioPlatforms\xe2\x80\xa6',19,147,0.4,0.04999999999999999,Positive
255,2020-07-03 08:45:44,b'When zoom realized that JioMeet copied there design.\xf0\x9f\x98\x82\xf0\x9f\x98\x82\xf0\x9f\x98\x82\xf0\x9f\x98\x82\xf0\x9f\x91\x87  ,8,136,0.0,0.0,Neutral
256,2020-07-03 08:45:40,"b': Intel Corp will invest Rs 1,894.5 crore in Jio Platforms in exchange for a 0.39% stake, the latest big-ticket investme\xe2\x80\xa6'",21,135,0.9,0.5,Positive
257,2020-07-03 08:45:27,b'_baby: China is not the only place where copy and paste is been done in technology \n\nMeet JioMeet brother of Zoom\n\n\xf0\x9f\x98\xa5\xf0\x9f\x99\x88\xf0\x9f\x99\x8a\xf0\x9f\x98\x82\xf0\x9f\xa4\xa6 ,21,202,1.0,0.0,Neutral
258,2020-07-03 08:45:22,"b': First, Indian Chingari app replacing Tiktok with millions of new subscribers, and now JioMeet set to take away users\xe2\x80\xa6'",20,133,0.3939393939393939,0.19318181818181818,Positive
259,2020-07-03 08:45:17,b'50: Greetings 40  I am here once again to drop my winning testimony.  Sir tunji adekoya you are indeed a miracle to\xe2\x80\xa6',22,130,0.75,0.5,Positive
260,2020-07-03 08:45:11,"b'427: As they say, work diligently to build a world-class product but copy shamelessly from the best in the world. \n\nZoom JioMee\xe2\x80\xa6'",22,144,0.3,1.0,Positive
261,2020-07-03 08:44:38,"b'_sambit: A thread on JioMeet\n\n1/n\n\nAs we all know, JioMeet is launched and I was excited to use this app get a feel of its feat\xe2\x80\xa6'",25,146,0.75,0.375,Positive
262,2020-07-03 08:44:28,b'Lol just look at the similarity JioMeet ,7,42,0.7,0.8,Positive
263,2020-07-03 08:43:49,b'Have you tried JioMeet ? Howz the experience?\n,8,49,0.0,0.0,Neutral
264,2020-07-03 08:43:35,b'When someone asks Mukeshbhai about similarities between JioMeet and Zoom \n\nMakeInIndia ,11,91,0.0,0.0,Neutral
265,2020-07-03 08:43:29,b': JioMeet quick look: How to video call with 100 people for free and how it compares with Zoom\n\n,19,100,0.65,0.3666666666666667,Positive
266,2020-07-03 08:43:20,"b': First, Indian Chingari app replacing Tiktok with millions of new subscribers, and now JioMeet set to take away users\xe2\x80\xa6'",20,133,0.3939393939393939,0.19318181818181818,Positive
267,2020-07-03 08:43:09,b'Zoom and JioMeet\n\nzoom JioMeet JioMeetApp ,5,46,0.0,0.0,Neutral
268,2020-07-03 08:42:37,"b'Intel Corp to invest Rs 1,894.5 cr in Jio Platforms.\n\nTo read :   JioPlatforms JioMeet EletsCIO'",15,100,0.0,0.0,Neutral
269,2020-07-03 08:42:36,b'_saxena: Hi Zoom. Meet JioMeet \xf0\x9f\x98\x81\n(recd on WA) ,8,64,0.0,0.0,Neutral
270,2020-07-03 08:42:34,b'2eets: JioMeet is a free video calling app that allows up to 100 participants at once without a cap on call duration. \xe2\x80\xa6',23,133,0.8,0.4,Positive
271,2020-07-03 08:42:01,b'_baby: China is not the only place where copy and paste is been done in technology \n\nMeet JioMeet brother of Zoom\n\n\xf0\x9f\x98\xa5\xf0\x9f\x99\x88\xf0\x9f\x99\x8a\xf0\x9f\x98\x82\xf0\x9f\xa4\xa6 ,21,202,1.0,0.0,Neutral
272,2020-07-03 08:41:41,b'_baby: China is not the only place where copy and paste is been done in technology \n\nMeet JioMeet brother of Zoom\n\n\xf0\x9f\x98\xa5\xf0\x9f\x99\x88\xf0\x9f\x99\x8a\xf0\x9f\x98\x82\xf0\x9f\xa4\xa6 ,21,202,1.0,0.0,Neutral
273,2020-07-03 08:41:39,"b': First, Indian Chingari app replacing Tiktok with millions of new subscribers, and now JioMeet set to take away users\xe2\x80\xa6'",20,133,0.3939393939393939,0.19318181818181818,Positive
274,2020-07-03 08:41:32,"b': ""Can i copy your homework?""\n\n""Sure, just change it up a little so that it doesn\'t look obvious"" \n\n""Sure thing""\n\nJioMee\xe2\x80\xa6'",20,142,0.6944444444444444,0.203125,Positive
275,2020-07-03 08:41:30,"b""Anyone else notice how similar JioMeet and Zoom interfaces are?! Aren't there copyrights and intellectual propert\xe2\x80\xa6 ",16,128,0.4,0.15,Positive
276,2020-07-03 08:41:06,"b"": JioMeet: Hey, can I copy your homework?\nZoom: Sure, just make it look different so it doesn't seem like you copied me.\nJioM\xe2\x80\xa6""",22,142,0.7444444444444445,0.25,Positive
277,2020-07-03 08:40:46,"b': First, Indian Chingari app replacing Tiktok with millions of new subscribers, and now JioMeet set to take away users\xe2\x80\xa6'",20,133,0.3939393939393939,0.19318181818181818,Positive
278,2020-07-03 08:40:37,b'See any differences???\xf0\x9f\xa4\xa3\xf0\x9f\xa4\xa3\nJioMeet JioMeetApp \nBut we should start using jiomeet from now on as we have got opportu\xe2\x80\xa6 ,18,160,0.0,0.0,Neutral
279,2020-07-03 08:40:34,b'Me after comparing zoom and JioMeet  \nJioPlatforms ,7,54,0.0,0.0,Neutral
280,2020-07-03 08:40:12,b'_teams: JioPlatforms\n JioMeet Zoom\nJio after making indian zoom app\xf0\x9f\x99\x82\nAmbani be like : ,12,106,0.0,0.0,Neutral
281,2020-07-03 08:40:09,b'Anyone tried JioMeet? Why does it replicate Zoom?\nLazy people! ,9,66,0.0,0.0,Neutral
282,2020-07-03 08:40:08,"b""13: Whatever india chaina can't be bestfriend......\nThere is Zoom nd JioMeet \nthey can\xf0\x9f\x98\x85 ",13,107,0.0,0.0,Neutral
283,2020-07-03 08:39:55,b'_chandler: *After comparing the interface of jio meet and zoom app*\nJioMeet Zoom ,12,84,0.0,0.0,Neutral
284,2020-07-03 08:39:55,b'_Stark_: Everyone complaining and making fun that JioMeet is a copy of Zoom \n\nMeanwhile Mukesh Ambani :\nZoom JioMeet JioPlatforms\xe2\x80\xa6',19,147,0.4,0.04999999999999999,Positive
285,2020-07-03 08:39:53,"b': First, Indian Chingari app replacing Tiktok with millions of new subscribers, and now JioMeet set to take away users\xe2\x80\xa6'",20,133,0.3939393939393939,0.19318181818181818,Positive
286,2020-07-03 08:39:49,b'_baby: China is not the only place where copy and paste is been done in technology \n\nMeet JioMeet brother of Zoom\n\n\xf0\x9f\x98\xa5\xf0\x9f\x99\x88\xf0\x9f\x99\x8a\xf0\x9f\x98\x82\xf0\x9f\xa4\xa6 ,21,202,1.0,0.0,Neutral
287,2020-07-03 08:39:40,"b': First, Indian Chingari app replacing Tiktok with millions of new subscribers, and now JioMeet set to take away users\xe2\x80\xa6'",20,133,0.3939393939393939,0.19318181818181818,Positive
288,2020-07-03 08:39:37,b'Stealing is all okay. At least they should have changed the date on calendar. \xf0\x9f\x98\x82\n\nJioMeet JioPlatforms\xe2\x80\xa6 ,16,133,0.45,0.1,Positive
289,2020-07-03 08:39:29,b': JioMeet quick look: How to video call with 100 people for free and how it compares with Zoom\n\n,19,100,0.65,0.3666666666666667,Positive
290,2020-07-03 08:39:29,b'_Stark_: Everyone complaining and making fun that JioMeet is a copy of Zoom \n\nMeanwhile Mukesh Ambani :\nZoom JioMeet JioPlatforms\xe2\x80\xa6',19,147,0.4,0.04999999999999999,Positive
291,2020-07-03 08:39:28,"b'_sambit: A thread on JioMeet\n\n1/n\n\nAs we all know, JioMeet is launched and I was excited to use this app get a feel of its feat\xe2\x80\xa6'",25,146,0.75,0.375,Positive
292,2020-07-03 08:39:16,"b': 5 steps to develop JIO Meet:\n\n1) Clone Zoom App\n\n2) Change AppTitle = ""JioMeet"" &amp; AppColor = ""0220d0""\n\n3) Change shape = Bord\xe2\x80\xa6'",22,152,0.0,0.0,Neutral
293,2020-07-03 08:39:08,"b"": Amid growing calls for 'Made in India' digital tools, Reliance Jio has launched a free video-conferencing application called \xe2\x80\xa6""",20,142,0.4,0.2,Positive
294,2020-07-03 08:39:03,b': JioMeet quick look: How to video call with 100 people for free and how it compares with Zoom\n\n,19,100,0.65,0.3666666666666667,Positive
295,2020-07-03 08:39:01,b'Zoom to Ambani right now:\n\nzoom JioPlatforms  JioMeet ,7,58,0.5357142857142857,0.2857142857142857,Positive
296,2020-07-03 08:38:46,"b': First, Indian Chingari app replacing Tiktok with millions of new subscribers, and now JioMeet set to take away users\xe2\x80\xa6'",20,133,0.3939393939393939,0.19318181818181818,Positive
297,2020-07-03 08:38:36,b'Kuch to alag kr lete \xf0\x9f\x99\x84\xf0\x9f\x99\x84\nDitto chep diya.\xf0\x9f\xa4\xa6\xf0\x9f\x8f\xbb\xe2\x80\x8d\xe2\x99\x82\xef\xb8\x8f\xf0\x9f\xa4\xa6\xf0\x9f\x8f\xbb\xe2\x80\x8d\xe2\x99\x82\xef\xb8\x8f\n\nI wonder isn\xe2\x80\x99t plagiarism applicable to app developers\xe2\x80\xa6 ,15,291,0.0,0.0,Neutral
298,2020-07-03 08:38:13,b': JioMeet quick look: How to video call with 100 people for free and how it compares with Zoom\n\n,19,100,0.65,0.3666666666666667,Positive
299,2020-07-03 08:38:05,b': JioMeet\n\nThough it look same n people are cont. trolling JioMeet.\n\nInstead of trolling u shuld feel proud dat u data an\xe2\x80\xa6',21,140,0.5625,0.4,Positive
300,2020-07-03 08:37:43,b'Use jiomeet not use Chinese app.not use zoom app',9,51,0.0,0.0,Neutral
301,2020-07-03 08:37:36,b'JioMeet or JioPlatforms is exact copy of\nZoom app\nEveryone to ambani. ,10,74,0.25,0.25,Positive
302,2020-07-03 08:37:30,"b'Reliance Jio Introduces Free Video Conferencing Platform ""JioMeet""\n via  \n\nIt ta\xe2\x80\xa6 ",11,98,0.8,0.4,Positive
303,2020-07-03 08:37:27,"b""13: Jio why copy paste\xf0\x9f\xa4\xb7\xf0\x9f\xa4\xb7\n.\nAnd pls don't say I am acting as Chinese agents, it is actually stealing that's it. \n.\nJioPlatfo\xe2\x80\xa6""",21,172,0.03333333333333333,0.0,Neutral
304,2020-07-03 08:37:24,b'_Pirdhan: Reliance Jio\xc2\xa0today launched JioMeet video conferencing service on Google Play Store and App Store.The app can add up t\xe2\x80\xa6',20,150,0.0,0.0,Neutral
305,2020-07-03 08:37:16,b'Spot the difference \xf0\x9f\x99\x83\xf0\x9f\x99\x83\n\n  _us \n\nJioMeetApp JioPlatforms JioMeet ,8,100,0.0,0.0,Neutral
306,2020-07-03 08:37:15,"b""1999: Can we jst promote our Made in INDIA app\nAnd it's really good,I have used it.\n \nJioMeet ",17,99,0.2,0.2,Positive
307,2020-07-03 08:36:51,"b'JioMeet takes on the platform from Zoom, now can support upto 100 participants\nSource _plag_0 ",14,97,0.0,0.0,Neutral
308,2020-07-03 08:36:38,b'74jangid: China is having test of his own medicine JioMeet ChinaVsWorld ,11,74,1.0,0.6,Positive
309,2020-07-03 08:36:26,b'50: Greetings 40  I am here once again to drop my winning testimony.  Sir tunji adekoya you are indeed a miracle to\xe2\x80\xa6',22,130,0.75,0.5,Positive
310,2020-07-03 08:36:20,b'RelianceJio has launched a free video-conferencing application called Jio Meet.\n\nJioMeet offers unlimited meeting\xe2\x80\xa6 ,13,130,0.4,0.25,Positive
311,2020-07-03 08:36:13,b': JioMeet\n\nThough it look same n people are cont. trolling JioMeet.\n\nInstead of trolling u shuld feel proud dat u data an\xe2\x80\xa6',21,140,0.5625,0.4,Positive
312,2020-07-03 08:36:10,"b'Reliance Jio Introduces Free Video Conferencing Platform ""JioMeet"".\n\xe2\x80\x94  takes on\xe2\x80\xa6 ",10,106,0.8,0.4,Positive
313,2020-07-03 08:36:03,"b""Is there any guideline for the\nJioMeet App that\n\nit's not a copy of Zoom app? ",14,83,0.0,0.0,Neutral
314,2020-07-03 08:35:57,"b'_bono: JioMeet\nZoom:  "" I am the King ! ""\nGoogle meet:  "" I am the King ! ""\n\nJIO:  Ctrl C + Ctrl V ",22,105,0.0,0.0,Neutral
315,2020-07-03 08:35:57,b'74jangid: China is having test of his own medicine JioMeet ChinaVsWorld ,11,74,1.0,0.6,Positive
316,2020-07-03 08:35:30,b': JioMeet quick look: How to video call with 100 people for free and how it compares with Zoom\n\n,19,100,0.65,0.3666666666666667,Positive
317,2020-07-03 08:35:03,b'_saxena: Hi Zoom. Meet JioMeet \xf0\x9f\x98\x81\n(recd on WA) ,8,64,0.0,0.0,Neutral
318,2020-07-03 08:34:58,"b': First, Indian Chingari app replacing Tiktok with millions of new subscribers, and now JioMeet set to take away users\xe2\x80\xa6'",20,133,0.3939393939393939,0.19318181818181818,Positive
319,2020-07-03 08:34:56,b': JioMeet quick look: How to video call with 100 people for free and how it compares with Zoom\n\n,19,100,0.65,0.3666666666666667,Positive
320,2020-07-03 08:34:54,"b"": India's Reliance Jio launches JioMeet, a Zoom-like video-conference service\n\nThe app is available across platforms, includ\xe2\x80\xa6""",16,141,0.4,0.4,Positive
321,2020-07-03 08:34:51,b'But  has a lot of similarities with the zoom App!\n\nWhere is the official statement for JioMeet App!\xe2\x80\xa6 ,17,116,0.0,0.0,Neutral
322,2020-07-03 08:34:50,"b'JioMeet\nZoom:  "" I am the King ! ""\nGoogle meet:  "" I am the King ! ""\n\nJIO:  Ctrl C + Ctrl V ",21,98,0.0,0.0,Neutral
323,2020-07-03 08:34:44,"b""_us, I heard you've been inspiring  a lot. \nJioMeet ",9,55,1.0,0.5,Positive
324,2020-07-03 08:34:42,b'_chandler: *After comparing the interface of jio meet and zoom app*\nJioMeet Zoom ,12,84,0.0,0.0,Neutral
325,2020-07-03 08:34:42,"b'Jio had to come up with a video- conferencing app.\n\nSo, they bought the exact clone of Zoom App and copied the name\xe2\x80\xa6 ",22,132,0.25,0.25,Positive
326,2020-07-03 08:34:34,b': JioMeet UI &amp; UX team take a bow. 0 iterations on designing the app. ,15,76,0.0,0.0,Neutral
327,2020-07-03 08:34:33,"b': Seeing the debate of JioMeet &amp; Zoom and whether copying the UI was right or wrong, I can only say one thing - brilliant mar\xe2\x80\xa6'",26,144,0.8589285714285715,0.17142857142857143,Positive
328,2020-07-03 08:34:33,b'JioMeet quick look: How to video call with 100 people for free and how it compares with Zoom\n\n,18,98,0.65,0.3666666666666667,Positive
329,2020-07-03 08:34:23,b': I just finished installing the Jio Meet app. It has a total resemblance to Zoom. Right from the icon to the layout and feat\xe2\x80\xa6',25,140,0.6428571428571428,0.14285714285714285,Positive
330,2020-07-03 08:34:18,"b'Sometimes, things may look identical in nature but core differences may vary greatly.\xf0\x9f\xa4\xaf Example- \xf0\x9f\x91\x87\nJioMeetApp\xe2\x80\xa6 ",15,154,0.0,0.0,Neutral
331,2020-07-03 08:34:08,"b': First, Indian Chingari app replacing Tiktok with millions of new subscribers, and now JioMeet set to take away users\xe2\x80\xa6'",20,133,0.3939393939393939,0.19318181818181818,Positive
332,2020-07-03 08:34:07,b': Welp Zoom JioMeet ,4,22,0.0,0.0,Neutral
333,2020-07-03 08:34:05,b': This is NOT Zoom!\n\nThis is JioMeet launched by  with similar user interface and experience like Zoom. \n\nAl\xe2\x80\xa6',18,127,0.4,0.0,Neutral
334,2020-07-03 08:33:50,"b""13: Whatever india chaina can't be bestfriend......\nThere is Zoom nd JioMeet \nthey can\xf0\x9f\x98\x85 ",13,107,0.0,0.0,Neutral
335,2020-07-03 08:33:18,"b': Good Artist Borrow, Great Artist Steal \xf0\x9f\xa4\x9f\xf0\x9f\x8f\xbb\n\nJioMeet Zoom ",9,92,0.675,0.75,Positive
336,2020-07-03 08:33:14,b'After finding similarity between JioMeet and Zoom app\n\nLe Zoom CEO to Mukesh Ambani:\nJioMeetApp JioPlatforms ,14,114,0.0,0.0,Neutral
337,2020-07-03 08:32:56,"b': Now no more zoom barabar, zoom barabar? It\xe2\x80\x99s desi time: Jio mere laal... JioMeet MakeInIndia ",16,108,0.5,-0.375,Negative
338,2020-07-03 08:32:53,b'24: 305 JioMeet  take over Zoom \nChines Congressi Chamcho ke liye \xf0\x9f\x8d\x91\xf0\x9f\x94\xa5\xf0\x9f\x94\xa5\xf0\x9f\x94\xa5\xf0\x9f\x94\xa5 ,12,150,0.0,0.0,Neutral
339,2020-07-03 08:32:45,"b'_sambit: A thread on JioMeet\n\n1/n\n\nAs we all know, JioMeet is launched and I was excited to use this app get a feel of its feat\xe2\x80\xa6'",25,146,0.75,0.375,Positive
340,2020-07-03 08:32:43,"b"": Amid growing calls for 'Made in India' digital tools, Reliance Jio has launched a free video-conferencing application called \xe2\x80\xa6""",20,142,0.4,0.2,Positive
341,2020-07-03 08:32:42,b'_baby: China is not the only place where copy and paste is been done in technology \n\nMeet JioMeet brother of Zoom\n\n\xf0\x9f\x98\xa5\xf0\x9f\x99\x88\xf0\x9f\x99\x8a\xf0\x9f\x98\x82\xf0\x9f\xa4\xa6 ,21,202,1.0,0.0,Neutral
342,2020-07-03 08:32:41,"b'Since UI is also same, use JioMeet instead of Zoom and protect your data.'",14,76,0.125,0.0,Neutral
343,2020-07-03 08:32:38,b'JioMeet JioPlatforms\nAfter seeing Zoom and JioMeetApp \nEveryone. ,7,69,0.0,0.0,Neutral
344,2020-07-03 08:32:34,"b"": Amid growing calls for 'Made in India' digital tools, Reliance Jio has launched a free video-conferencing application called \xe2\x80\xa6""",20,142,0.4,0.2,Positive
345,2020-07-03 08:32:28,b'_saxena: Hi Zoom. Meet JioMeet \xf0\x9f\x98\x81\n(recd on WA) ,8,64,0.0,0.0,Neutral
346,2020-07-03 08:32:07,b'Does JioMeet provide end-to-end encryption? ',6,47,0.0,0.0,Neutral
347,2020-07-03 08:32:03,b': RelianceJio launched JioMeet! Can connect 100 users at a time. Seems Indian are in full swing to kick out foreign com\xe2\x80\xa6',22,134,0.3375,0.11249999999999999,Positive
348,2020-07-03 08:32:00,"b""India's befitting reply to Zoom app. \nJioMeet ",7,49,0.0,0.0,Neutral
349,2020-07-03 08:31:57,b'Teacher :- Nobody will copy answer from each other\n*Le backbenchers:\nJioMeet Zoom ,11,86,0.0,0.0,Neutral
350,2020-07-03 08:31:57,b'_girl09: JioMeet after copying Zoom ~ ,6,40,0.0,0.0,Neutral
351,2020-07-03 08:31:56,"b""This is doing unto Chinese, what they do unto others. I think it's deliberately done to make a point. They could ha\xe2\x80\xa6 ",22,130,0.0,0.0,Neutral
352,2020-07-03 08:31:45,b'_baby: China is not the only place where copy and paste is been done in technology \n\nMeet JioMeet brother of Zoom\n\n\xf0\x9f\x98\xa5\xf0\x9f\x99\x88\xf0\x9f\x99\x8a\xf0\x9f\x98\x82\xf0\x9f\xa4\xa6 ,21,202,1.0,0.0,Neutral
353,2020-07-03 08:31:39,b': The first screenshot is of Zoom and the second screenshot is of Jio Meet. Tell me the difference!!\n\nJioMeet Zoom ,20,119,0.16666666666666666,0.125,Positive
354,2020-07-03 08:31:35,"b'JioMeet App\nhas a major limitation.\n\nYou can\'t call your contacts till\n ""they all are registered in JioMeetApp.""\xe2\x80\xa6 ",16,132,0.5,0.0625,Positive
355,2020-07-03 08:31:35,"b""13: Jio why copy paste\xf0\x9f\xa4\xb7\xf0\x9f\xa4\xb7\n.\nAnd pls don't say I am acting as Chinese agents, it is actually stealing that's it. \n.\nJioPlatfo\xe2\x80\xa6""",21,172,0.03333333333333333,0.0,Neutral
356,2020-07-03 08:31:30,b'_Stark_: Everyone complaining and making fun that JioMeet is a copy of Zoom \n\nMeanwhile Mukesh Ambani :\nZoom JioMeet JioPlatforms\xe2\x80\xa6',19,147,0.4,0.04999999999999999,Positive
357,2020-07-03 08:31:09,"b"": The instruction probably given by Ambani was to 'make something like Zoom'.  The Jio team took that very seriously and lit\xe2\x80\xa6""",22,139,0.8666666666666667,-0.43333333333333335,Negative
358,2020-07-03 08:31:02,b'Jio video calling service jio meet is an exact copy of zoom\n\njiomeet\nZoom ,12,79,0.25,0.25,Positive
359,2020-07-03 08:30:50,b'Jiomeet....tu he mere man ka meet...Welcome on board.',8,56,0.5,-0.5,Negative
360,2020-07-03 08:30:44,"b"": The instruction probably given by Ambani was to 'make something like Zoom'.  The Jio team took that very seriously and lit\xe2\x80\xa6""",22,139,0.8666666666666667,-0.43333333333333335,Negative
361,2020-07-03 08:30:44,"b""JioMeet they copied the design...or whatever be issue there. I'm going to support it bcz it's Made in India\xf0\x9f\x87\xae\xf0\x9f\x87\xb3""",19,142,0.0,0.0,Neutral
362,2020-07-03 08:30:05,b'_Stark_: Everyone complaining and making fun that JioMeet is a copy of Zoom \n\nMeanwhile Mukesh Ambani :\nZoom JioMeet JioPlatforms\xe2\x80\xa6',19,147,0.4,0.04999999999999999,Positive
363,2020-07-03 08:29:58,b'_saxena: Hi Zoom. Meet JioMeet \xf0\x9f\x98\x81\n(recd on WA) ,8,64,0.0,0.0,Neutral
364,2020-07-03 08:29:54,"b""13: Jio why copy paste\xf0\x9f\xa4\xb7\xf0\x9f\xa4\xb7\n.\nAnd pls don't say I am acting as Chinese agents, it is actually stealing that's it. \n.\nJioPlatfo\xe2\x80\xa6""",21,172,0.03333333333333333,0.0,Neutral
365,2020-07-03 08:29:49,b'_saxena: Hi Zoom. Meet JioMeet \xf0\x9f\x98\x81\n(recd on WA) ,8,64,0.0,0.0,Neutral
366,2020-07-03 08:29:41,"b'_saloi ""Good artists copy, great artists steal"" ~ Pablo Picasso \nJioMeet'",11,76,0.675,0.75,Positive
367,2020-07-03 08:29:26,"b': First, Indian Chingari app replacing Tiktok with millions of new subscribers, and now JioMeet set to take away users\xe2\x80\xa6'",20,133,0.3939393939393939,0.19318181818181818,Positive
368,2020-07-03 08:29:22,"b"": JioMeet: Hey, can I copy your homework?\nZoom: Sure, just make it look different so it doesn't seem like you copied me.\nJioM\xe2\x80\xa6""",22,142,0.7444444444444445,0.25,Positive
369,2020-07-03 08:29:16,b'_saxena: Hi Zoom. Meet JioMeet \xf0\x9f\x98\x81\n(recd on WA) ,8,64,0.0,0.0,Neutral
370,2020-07-03 08:29:11,b'1: Avoid Google Meet and Zoom and use Safe and secure and Indian Made JioMeet for both Official and Personal video Call/\xe2\x80\xa6',22,135,0.46666666666666673,0.3,Positive
371,2020-07-03 08:28:52,b'_saxena: Hi Zoom. Meet JioMeet \xf0\x9f\x98\x81\n(recd on WA) ,8,64,0.0,0.0,Neutral
372,2020-07-03 08:28:51,b'_Stark_: Everyone complaining and making fun that JioMeet is a copy of Zoom \n\nMeanwhile Mukesh Ambani :\nZoom JioMeet JioPlatforms\xe2\x80\xa6',19,147,0.4,0.04999999999999999,Positive
373,2020-07-03 08:28:47,b'_Pirdhan: Reliance Jio\xc2\xa0today launched JioMeet video conferencing service on Google Play Store and App Store.The app can add up t\xe2\x80\xa6',20,150,0.0,0.0,Neutral
374,2020-07-03 08:28:35,b': HaHa.... \xf0\x9f\x98\x82\xf0\x9f\x98\x82\xf0\x9f\x98\x82\nJioMeet \nWhat you Observed...?? ,6,96,0.3,0.2,Positive
375,2020-07-03 08:28:27,"b""No difference between I and JioMeet developer.\nWe both copy code from other's and get shabsh from our superior's. \nJioMeetApp Zoom""",20,135,0.6375,0.2875,Positive
376,2020-07-03 08:28:05,"b"": Amid growing calls for 'Made in India' digital tools, Reliance Jio has launched a free video-conferencing application called \xe2\x80\xa6""",20,142,0.4,0.2,Positive
377,2020-07-03 08:27:34,"b"": Amid growing calls for 'Made in India' digital tools, Reliance Jio has launched a free video-conferencing application called \xe2\x80\xa6""",20,142,0.4,0.2,Positive
378,2020-07-03 08:27:25,b'New video is up\xf0\x9f\x98\x8d show ur luv and support\nLink:-  Nimu Kanpur JioMeet\xe2\x80\xa6 ,12,99,0.45454545454545453,0.13636363636363635,Positive
379,2020-07-03 08:27:04,"b"": The instruction probably given by Ambani was to 'make something like Zoom'.  The Jio team took that very seriously and lit\xe2\x80\xa6""",22,139,0.8666666666666667,-0.43333333333333335,Negative
380,2020-07-03 08:26:39,b'Shame on you \n\nBe Original Launch Original....Stop Copy Paste\n\nJioMeet\nZoom\nJioPlatforms',9,97,0.75,0.375,Positive
381,2020-07-03 08:26:35,b'Ban zoommeetings and use JioMeet ,5,35,0.0,0.0,Neutral
382,2020-07-03 08:26:14,"b"": The instruction probably given by Ambani was to 'make something like Zoom'.  The Jio team took that very seriously and lit\xe2\x80\xa6""",22,139,0.8666666666666667,-0.43333333333333335,Negative
383,2020-07-03 08:26:13,"b': Now no more zoom barabar, zoom barabar? It\xe2\x80\x99s desi time: Jio mere laal... JioMeet MakeInIndia ",16,108,0.5,-0.375,Negative
384,2020-07-03 08:26:00,"b""Amid growing calls for 'Made in India' digital tools, Reliance Jio has launched a free video-conferencing applicati\xe2\x80\xa6 ",17,130,0.4,0.2,Positive
385,2020-07-03 08:25:23,b'Complete copy of Zoom by Jio Meet ? Or  \n_us Did you share the source code to JioMeet ? ,19,91,0.4,0.1,Positive
386,2020-07-03 08:25:17,b'Reliance Jio has launched its own video conferencing service which takes on Zoom\nRelianceJio JioMeet MadeInIndia',15,116,1.0,0.6,Positive
387,2020-07-03 08:25:12,"b': First, Indian Chingari app replacing Tiktok with millions of new subscribers, and now JioMeet set to take away users\xe2\x80\xa6'",20,133,0.3939393939393939,0.19318181818181818,Positive
388,2020-07-03 08:25:09,"b': First, Indian Chingari app replacing Tiktok with millions of new subscribers, and now JioMeet set to take away users\xe2\x80\xa6'",20,133,0.3939393939393939,0.19318181818181818,Positive
389,2020-07-03 08:24:53,b'50: Greetings 40  I am here once again to drop my winning testimony.  Sir tunji adekoya you are indeed a miracle to\xe2\x80\xa6',22,130,0.75,0.5,Positive
390,2020-07-03 08:24:47,b'Just shifted from Zoom to JioMeet \n\nWill post our experience in a few hours \n\nopportunistically correct launch\xe2\x80\xa6 ,17,129,0.1,-0.2,Negative
391,2020-07-03 08:24:37,"b'_sambit: A thread on JioMeet\n\n1/n\n\nAs we all know, JioMeet is launched and I was excited to use this app get a feel of its feat\xe2\x80\xa6'",25,146,0.75,0.375,Positive
392,2020-07-03 08:24:35,"b': ModiinLeh COVID\xe3\x83\xbc19 JioMeet RIPSarojKhan \xe0\xa4\x95\xe0\xa4\xbe\xe0\xa4\xa8\xe0\xa4\xaa\xe0\xa5\x81\xe0\xa4\xb0 coronavirus laddakh  CAA ,NRC supporter hame follow kare nahi to wait\xe2\x80\xa6'",17,210,0.0,0.0,Neutral
393,2020-07-03 08:24:17,b'_saxena: Hi Zoom. Meet JioMeet \xf0\x9f\x98\x81\n(recd on WA) ,8,64,0.0,0.0,Neutral
394,2020-07-03 08:24:11,"b'JioMeet is your ex saying ,"" I have changed and I am a better person now ""'",17,77,0.5,0.5,Positive
395,2020-07-03 08:23:41,"b'Ek Gujarati ka dimag hai, why waste money on designing when you can take a ready made design from somewhere else.\xf0\x9f\x98\x82\xe2\x80\xa6 ",21,144,0.25,0.0,Neutral
396,2020-07-03 08:23:25,b'19bnsl: The nation wants to know that JioMeet &amp; Zoom ,10,59,0.1,0.2,Positive
397,2020-07-03 08:23:23,"b"": The instruction probably given by Ambani was to 'make something like Zoom'.  The Jio team took that very seriously and lit\xe2\x80\xa6""",22,139,0.8666666666666667,-0.43333333333333335,Negative
398,2020-07-03 08:23:21,b'_saxena: Hi Zoom. Meet JioMeet \xf0\x9f\x98\x81\n(recd on WA) ,8,64,0.0,0.0,Neutral
399,2020-07-03 08:23:04,b'JioMeet and Zoom memes take over Twitter with the introduction of another app for videoconferencing. JioMeetApp\xe2\x80\xa6 ,16,126,0.0,0.0,Neutral
400,2020-07-03 08:22:45,b'_saxena: Hi Zoom. Meet JioMeet \xf0\x9f\x98\x81\n(recd on WA) ,8,64,0.0,0.0,Neutral
401,2020-07-03 08:22:32,b': RelianceJio launched its brand new teleconferencing app JioMeet. The app is available for free and users can add up\xe2\x80\xa6',20,132,0.5515151515151515,0.31212121212121213,Positive
402,2020-07-03 08:22:30,b'Reporter: how did the idea of making Indian app JioMeet evolved?\n\nMukesh Ambani:\njioplatforms JioMeetApp Jio ,14,114,0.0,0.0,Neutral
403,2020-07-03 08:22:25,b'_saxena: Hi Zoom. Meet JioMeet \xf0\x9f\x98\x81\n(recd on WA) ,8,64,0.0,0.0,Neutral
404,2020-07-03 08:22:23,"b': First, Indian Chingari app replacing Tiktok with millions of new subscribers, and now JioMeet set to take away users\xe2\x80\xa6'",20,133,0.3939393939393939,0.19318181818181818,Positive
405,2020-07-03 08:22:11,b'_saxena: Hi Zoom. Meet JioMeet \xf0\x9f\x98\x81\n(recd on WA) ,8,64,0.0,0.0,Neutral
406,2020-07-03 08:21:56,"b'Jiomeet: dude, can I copy you.\nZoom: yeah sure, but change it a little bit so it does not look to obvious.\nJiomee\xe2\x80\xa6 ",21,130,0.6944444444444444,0.15625,Positive
407,2020-07-03 08:21:46,"b"": People are comparing similarity between JioMeetApp and Zoom.*\n\nLe me who didn't attended any class on Zoom and not going to\xe2\x80\xa6""",21,142,0.0,0.0,Neutral
408,2020-07-03 08:21:40,"b': First, Indian Chingari app replacing Tiktok with millions of new subscribers, and now JioMeet set to take away users\xe2\x80\xa6'",20,133,0.3939393939393939,0.19318181818181818,Positive
409,2020-07-03 08:21:17,"b': First, Indian Chingari app replacing Tiktok with millions of new subscribers, and now JioMeet set to take away users\xe2\x80\xa6'",20,133,0.3939393939393939,0.19318181818181818,Positive
410,2020-07-03 08:20:54,"b""jiomeet I'm using JioMeet for video meeting and chat. Get the free app at  Thanks,\n JioMeet Team""",17,100,0.8,0.4,Positive
411,2020-07-03 08:20:49,b'_saxena: Hi Zoom. Meet JioMeet \xf0\x9f\x98\x81\n(recd on WA) ,8,64,0.0,0.0,Neutral
412,2020-07-03 08:20:29,"b': In a pre-set backdrop of \xe2\x80\x98aatma-nirbharta\xe2\x80\x99 and growing sentiment of saying no to foreign tech, Reliance has just announc\xe2\x80\xa6'",20,159,0.125,-0.125,Negative
413,2020-07-03 08:20:21,"b"": JioMeet\nJio:Can i copy your homework \nZoom: Ok, but don't make it obvious \nJio: ",14,87,0.5,0.25,Positive
414,2020-07-03 08:20:16,"b': 5 steps to develop JIO Meet:\n\n1) Clone Zoom App\n\n2) Change AppTitle = ""JioMeet"" &amp; AppColor = ""0220d0""\n\n3) Change shape = Bord\xe2\x80\xa6'",22,152,0.0,0.0,Neutral
415,2020-07-03 08:20:08,"b""7: Swadeshi Let's ban or bycott ZoomApp and download Jiomeet.""",10,64,0.0,0.0,Neutral
416,2020-07-03 08:19:52,"b"": People are comparing similarity between JioMeetApp and Zoom.*\n\nLe me who didn't attended any class on Zoom and not going to\xe2\x80\xa6""",21,142,0.0,0.0,Neutral
417,2020-07-03 08:19:44,b': Time to support Swadeshi &amp; lets ban Zoom - download JioMeet by  \n\nHope    \xe2\x80\xa6',15,97,0.0,0.0,Neutral
418,2020-07-03 08:19:43,"b': First, Indian Chingari app replacing Tiktok with millions of new subscribers, and now JioMeet set to take away users\xe2\x80\xa6'",20,133,0.3939393939393939,0.19318181818181818,Positive
419,2020-07-03 08:19:26,"b': First, Indian Chingari app replacing Tiktok with millions of new subscribers, and now JioMeet set to take away users\xe2\x80\xa6'",20,133,0.3939393939393939,0.19318181818181818,Positive
420,2020-07-03 08:19:19,b'After seeing the designing and graphics of JioPlatforms who launch JioMeet JioMeetApp \n\nMyself: ,13,100,0.0,0.0,Neutral
421,2020-07-03 08:19:18,"b': First, Indian Chingari app replacing Tiktok with millions of new subscribers, and now JioMeet set to take away users\xe2\x80\xa6'",20,133,0.3939393939393939,0.19318181818181818,Positive
422,2020-07-03 08:18:49,"b"": The instruction probably given by Ambani was to 'make something like Zoom'.  The Jio team took that very seriously and lit\xe2\x80\xa6""",22,139,0.8666666666666667,-0.43333333333333335,Negative
423,2020-07-03 08:18:47,"b""JioMeet: Hey, can I copy your homework?\nZoom: Sure, just make it look different so it doesn't seem like you copie\xe2\x80\xa6 ",20,129,0.7444444444444445,0.25,Positive
424,2020-07-03 08:18:38,b'haha JioMeet doing a ChineseCut on Zoom ! \n\ngiving China its own medicine!',13,79,0.65,0.5,Positive
425,2020-07-03 08:18:33,b'JioPlatforms\n JioMeet Zoom\nJio after making indian zoom app\xf0\x9f\x99\x82\nAmbani be like : ,11,98,0.0,0.0,Neutral
426,2020-07-03 08:18:24,b'2eets: JioMeet is a free video calling app that allows up to 100 participants at once without a cap on call duration. \xe2\x80\xa6',23,133,0.8,0.4,Positive
427,2020-07-03 08:18:22,"b"": The instruction probably given by Ambani was to 'make something like Zoom'.  The Jio team took that very seriously and lit\xe2\x80\xa6""",22,139,0.8666666666666667,-0.43333333333333335,Negative
428,2020-07-03 08:18:10,"b"": JioMeet: Hey, can I copy your homework?\nZoom: Sure, just make it look different so it doesn't seem like you copied me.\nJioM\xe2\x80\xa6""",22,142,0.7444444444444445,0.25,Positive
429,2020-07-03 08:18:01,b': Knowing when to copy is more important than knowing when to innovate.\n\nJioMeet Zoom growthhacking',15,104,0.75,0.45,Positive
430,2020-07-03 08:17:51,b'_saxena: Hi Zoom. Meet JioMeet \xf0\x9f\x98\x81\n(recd on WA) ,8,64,0.0,0.0,Neutral
431,2020-07-03 08:17:50,b': HaHa.... \xf0\x9f\x98\x82\xf0\x9f\x98\x82\xf0\x9f\x98\x82\nJioMeet \nWhat you Observed...?? ,6,96,0.3,0.2,Positive
432,2020-07-03 08:17:50,b': Bye Bye Zoom\n\nJioMeet launched by Reliance Jio\nAs alternative to Zoom Meeting ,12,85,0.0,0.0,Neutral
433,2020-07-03 08:17:12,b'Jiomeet engineer: Can I have a designer please?\n\nJiomeet boss: No!! We have a designer at home.\n\nDesigner at home\xe2\x80\xa6 ,18,132,0.0,0.0,Neutral
434,2020-07-03 08:17:10,"b'""Good artists copy, great artists steal.""\n\nSpot the difference Zoom vs  JioMeet ",11,84,0.675,0.75,Positive
435,2020-07-03 08:16:52,b'RelianceJio launched its brand new teleconferencing app JioMeet. The app is available for free and users can add\xe2\x80\xa6 ,18,127,0.5515151515151515,0.31212121212121213,Positive
436,2020-07-03 08:16:46,b'be VocalForLocal  \n\ndelet Zoom &amp; install JioMeet\n\nJioMeetApp',7,71,0.0,0.0,Neutral
437,2020-07-03 08:16:32,b'Everyone complaining and making fun that JioMeet is a copy of Zoom \n\nMeanwhile Mukesh Ambani :\nZoom JioMeet\xe2\x80\xa6 ,17,125,0.2,0.3,Positive
438,2020-07-03 08:16:16,b'Me while Copying some UI element from other app JIOMEET Vs  ,11,62,0.375,-0.125,Negative
439,2020-07-03 08:16:10,"b"": The instruction probably given by Ambani was to 'make something like Zoom'.  The Jio team took that very seriously and lit\xe2\x80\xa6""",22,139,0.8666666666666667,-0.43333333333333335,Negative
440,2020-07-03 08:15:57,"b"": The instruction probably given by Ambani was to 'make something like Zoom'.  The Jio team took that very seriously and lit\xe2\x80\xa6""",22,139,0.8666666666666667,-0.43333333333333335,Negative
441,2020-07-03 08:15:49,b'I see it.\n\nWhat a brilliant way to eat in the competition by providing a similar platform with a greater reach bund\xe2\x80\xa6 ,21,132,0.6333333333333333,0.4666666666666666,Positive
442,2020-07-03 08:15:49,b'5. Increase in user base due to the Purple Cow effect.\n\nPurple Cow?\n\n1. Everyone is criticizing about JioMeet. Tha\xe2\x80\xa6 ,18,133,0.513888888888889,-0.3527777777777778,Negative
443,2020-07-03 08:15:35,"b"": Amid growing calls for 'Made in India' digital tools, Reliance Jio has launched a free video-conferencing application called \xe2\x80\xa6""",20,142,0.4,0.2,Positive
444,2020-07-03 08:15:30,b': JioMeet \nLearn copy paste from  ,6,37,0.0,0.0,Neutral
445,2020-07-03 08:15:23,"b'Dear China,\n\nWe (Indians) can copy as well with perfection and dump your SHIT in the global market.\n\nSchools under\xe2\x80\xa6 ",18,133,0.4,-0.1,Negative
446,2020-07-03 08:15:19,"b"": The instruction probably given by Ambani was to 'make something like Zoom'.  The Jio team took that very seriously and lit\xe2\x80\xa6""",22,139,0.8666666666666667,-0.43333333333333335,Negative
447,2020-07-03 08:15:17,b'_Pirdhan: Reliance Jio\xc2\xa0today launched JioMeet video conferencing service on Google Play Store and App Store.The app can add up t\xe2\x80\xa6',20,150,0.0,0.0,Neutral
448,2020-07-03 08:15:03,b': While chinese can copy everything from Cars to Fighter planes. JioMeet ,12,75,0.0,0.0,Neutral
449,2020-07-03 08:15:02,"b': An unpopular Opinion \xf0\x9f\x98\x8b\nWe Seem To Be Learning From CopyCat China. \nAnd there is nothing to feel proud about it, India.\xe2\x80\xa6'",22,152,1.0,0.8,Positive
450,2020-07-03 08:14:48,"b"": The instruction probably given by Ambani was to 'make something like Zoom'.  The Jio team took that very seriously and lit\xe2\x80\xa6""",22,139,0.8666666666666667,-0.43333333333333335,Negative
451,2020-07-03 08:14:43,b'305 JioMeet  take over Zoom \nChines Congressi Chamcho ke liye \xf0\x9f\x8d\x91\xf0\x9f\x94\xa5\xf0\x9f\x94\xa5\xf0\x9f\x94\xa5\xf0\x9f\x94\xa5 ,11,146,0.0,0.0,Neutral
452,2020-07-03 08:14:41,b'2eets: JioMeet is a free video calling app that allows up to 100 participants at once without a cap on call duration. \xe2\x80\xa6',23,133,0.8,0.4,Positive
453,2020-07-03 08:14:37,"b"": People are comparing similarity between JioMeetApp and Zoom.*\n\nLe me who didn't attended any class on Zoom and not going to\xe2\x80\xa6""",21,142,0.0,0.0,Neutral
454,2020-07-03 08:14:14,"b"": Let's grow together \xe2\x9d\xa4\xef\xb8\x8f check out this post and drop your blog link in comment.\n\n Save\xe2\x80\xa6""",17,126,0.0,0.0,Neutral
455,2020-07-03 08:14:14,"b"": Amid growing calls for 'Made in India' digital tools, Reliance Jio has launched a free video-conferencing application called \xe2\x80\xa6""",20,142,0.4,0.2,Positive
456,2020-07-03 08:14:14,"b'JioMeet: Dude, can I copy your homework?\n\nZoom: yeah, just change it up a bit so it doesn\xe2\x80\x99t look obvious.\n\nJioMeet:\xe2\x80\xa6 ",19,145,0.0,0.0,Neutral
457,2020-07-03 08:14:12,"b': Now no more zoom barabar, zoom barabar? It\xe2\x80\x99s desi time: Jio mere laal... JioMeet MakeInIndia ",16,108,0.5,-0.375,Negative
458,2020-07-03 08:14:11,b'_XD: People are complaining about Jiomeet to be copy cat of zoom. There has been ground breaking innovation of making square ico\xe2\x80\xa6',22,143,0.0,0.0,Neutral
459,2020-07-03 08:14:08,b'Indians to China after JioMeet copied Zoom app :\nJioMeetApp ,9,63,0.0,0.0,Neutral
460,2020-07-03 08:14:07,"b': 5 steps to develop JIO Meet:\n\n1) Clone Zoom App\n\n2) Change AppTitle = ""JioMeet"" &amp; AppColor = ""0220d0""\n\n3) Change shape = Bord\xe2\x80\xa6'",22,152,0.0,0.0,Neutral
461,2020-07-03 08:14:07,"b""Swadeshi Let's ban or bycott ZoomApp and download Jiomeet.""",9,61,0.0,0.0,Neutral
462,2020-07-03 08:14:02,b'JioPlatforms JioMeet JioMeetApp BoycottChineseApp indianapp \nStop imitating. Stop copy pasting. Better not to\xe2\x80\xa6 ,13,125,0.5,0.5,Positive
463,2020-07-03 08:13:53,b'\xe0\xa4\x9a\xe0\xa5\x80\xe0\xa4\xa8 toh gyo!! \nJioMeet copied design of Zoom \n59 apps already got banned\nModiInLeh\n\nChina Meanwhile: ,14,141,0.0,0.0,Neutral
464,2020-07-03 08:13:51,b'2eets: JioMeet is a free video calling app that allows up to 100 participants at once without a cap on call duration. \xe2\x80\xa6',23,133,0.8,0.4,Positive
465,2020-07-03 08:13:48,"b': ModiinLeh COVID\xe3\x83\xbc19 JioMeet RIPSarojKhan \xe0\xa4\x95\xe0\xa4\xbe\xe0\xa4\xa8\xe0\xa4\xaa\xe0\xa5\x81\xe0\xa4\xb0 coronavirus laddakh  CAA ,NRC supporter hame follow kare nahi to wait\xe2\x80\xa6'",17,210,0.0,0.0,Neutral
466,2020-07-03 08:13:47,b'13 JioMeet has been in beta stage for quite some time...it is highly possible that the design was copi\xe2\x80\xa6 ,19,117,1.0,0.0,Neutral
467,2020-07-03 08:13:42,b'RelianceJio launched JioMeet! Can connect 100 users at a time. Seems Indian are in full swing to kick out foreign\xe2\x80\xa6 ,20,128,0.55,0.35,Positive
468,2020-07-03 08:13:41,"b""Let's grow together \xe2\x9d\xa4\xef\xb8\x8f check out this post and drop your blog link in comment.\n\n ",15,107,0.0,0.0,Neutral
469,2020-07-03 08:13:34,"b""Network 101 vs IP 101. If there's no real IP, the network will win. JIO has the biggest network in India, does JI\xe2\x80\xa6 ",23,128,0.35000000000000003,0.35000000000000003,Positive
470,2020-07-03 08:13:29,b': People calling out JioMeet for copying zoom \n\nBollywood: ,9,63,0.0,0.0,Neutral
471,2020-07-03 08:13:15,b': Jio bhaaya Jio....\n\nNew product of RelianceJio launched. Video call for upto 100 participants. Aur kuch chahiye kya? Maang\xe2\x80\xa6',19,141,0.0,0.0,Neutral
472,2020-07-03 08:13:09,b'_XD: People are complaining about Jiomeet to be copy cat of zoom. There has been ground breaking innovation of making square ico\xe2\x80\xa6',22,143,0.0,0.0,Neutral
473,2020-07-03 08:12:41,"b""So 's Meet is powered by . \n\nWhat is the deal? \n\nJioMeet ",12,63,0.0,0.0,Neutral
474,2020-07-03 08:12:34,b': Spot the difference.\n\nZoom JioMeet ,5,41,0.0,0.0,Neutral
475,2020-07-03 08:12:24,b'*After comparing the interface of jio meet and zoom app*\nJioMeet Zoom ,11,73,0.0,0.0,Neutral
476,2020-07-03 08:12:00,b'People are complaining about Jiomeet to be copy cat of zoom. There has been ground breaking innovation of making sq\xe2\x80\xa6 ,20,130,0.0,0.0,Neutral
477,2020-07-03 08:11:57,"b'JioPlatforms JioMeet Zoom \nSo,  launched a new video calling app. I really like how Indian brands an\xe2\x80\xa6 ",17,116,0.32727272727272727,0.16818181818181818,Positive
478,2020-07-03 08:11:49,"b""13: Jio why copy paste\xf0\x9f\xa4\xb7\xf0\x9f\xa4\xb7\n.\nAnd pls don't say I am acting as Chinese agents, it is actually stealing that's it. \n.\nJioPlatfo\xe2\x80\xa6""",21,172,0.03333333333333333,0.0,Neutral
479,2020-07-03 08:11:30,b'Bye Bye Zoom\n\nJioMeet launched by Reliance Jio\nAs alternative to Zoom Meeting ,11,83,0.0,0.0,Neutral
480,2020-07-03 08:11:25,"b'Its time to go from ZOOM to JHOOM ! \nI mean JioMeet \n\nReally happy for this IndianApp , would have appreciated mo\xe2\x80\xa6 ",22,131,0.5958333333333333,0.22916666666666666,Positive
481,2020-07-03 08:11:23,"b""JioMeet: Hey, can I copy your homework?\nZoom: Sure, just make it look different so it doesn't seem like you copie\xe2\x80\xa6 ",20,129,0.7444444444444445,0.25,Positive
482,2020-07-03 08:11:06,b'JioMeet is just Second Copy of Zoom \n\nWhole Jio Company is Copy Paste Version and Moving Forward with the help o\xe2\x80\xa6 ,21,129,0.0,0.0,Neutral
483,2020-07-03 08:11:06,b'42847033:  Greetings   I am here once again to drop my winning testimony.  Sir tunji adekoya you\xe2\x80\xa6',16,111,0.75,0.5,Positive
484,2020-07-03 08:11:04,"b'While students were busy copying digital assignments,\nJio played a BIGGER GAME!\n\nZoom app hi copy kar liya\xf0\x9f\x94\xa5\xe2\x80\xa6 ",16,140,0.26666666666666666,0.03333333333333333,Positive
485,2020-07-03 08:10:55,"b': First, Indian Chingari app replacing Tiktok with millions of new subscribers, and now JioMeet set to take away users\xe2\x80\xa6'",20,133,0.3939393939393939,0.19318181818181818,Positive
486,2020-07-03 08:10:49,"b': First, Indian Chingari app replacing Tiktok with millions of new subscribers, and now JioMeet set to take away users\xe2\x80\xa6'",20,133,0.3939393939393939,0.19318181818181818,Positive
487,2020-07-03 08:10:37,b' Greetings   I am here once again to drop my winning testimony.  Sir tunji adekoya\xe2\x80\xa6 ,15,97,0.75,0.5,Positive
488,2020-07-03 08:10:22,b'_baby: China is not the only place where copy and paste is been done in technology \n\nMeet JioMeet brother of Zoom\n\n\xf0\x9f\x98\xa5\xf0\x9f\x99\x88\xf0\x9f\x99\x8a\xf0\x9f\x98\x82\xf0\x9f\xa4\xa6 ,21,202,1.0,0.0,Neutral
489,2020-07-03 08:10:18,b'100 people can hold a meeting together bycottchineseapp\nMadeinindia JioMeet ,9,79,0.0,0.0,Neutral
490,2020-07-03 08:10:06,b'2eets: JioMeet is a free video calling app that allows up to 100 participants at once without a cap on call duration. \xe2\x80\xa6',23,133,0.8,0.4,Positive
491,2020-07-03 08:10:03,b'8: After working hard on designing and graphics JioPlatforms launch JioMeet \nEmployees to ambani: ,14,101,0.5416666666666666,-0.2916666666666667,Negative
492,2020-07-03 08:10:02,"b': First, Indian Chingari app replacing Tiktok with millions of new subscribers, and now JioMeet set to take away users\xe2\x80\xa6'",20,133,0.3939393939393939,0.19318181818181818,Positive
493,2020-07-03 08:09:47,b'JioMeet was intentionally designed similar to zoom. Mota bhai wanted to make the transition(zoom to Jio) easier \xf0\x9f\x98\x82\xf0\x9f\x98\x82\xe2\x80\xa6 ,18,159,0.4,0.0,Neutral
494,2020-07-03 08:09:36,"b""My topper frnd: don't copy my assignment as it is,do some changes\nMe:\n\nZoom \nJioMeet ",13,91,0.0,0.0,Neutral
495,2020-07-03 08:09:35,"b'Dear  \nThere is Gaming world,we are expecting your footprints there.\n\nJioMeet Jio pubgbyebye'",12,98,0.0,0.0,Neutral
496,2020-07-03 08:09:31,b'Jio:My answer is also the same. \n\nJioMeet\nJioMeetApp ,7,58,0.125,0.0,Neutral
497,2020-07-03 08:09:13,"b'Intel To Invest Rs 1,894.50 Crore In Jio Platforms \n\n JioPlatforms JioMeet JioIntelDeal'",13,92,0.0,0.0,Neutral
498,2020-07-03 08:09:12,"b': Now no more zoom barabar, zoom barabar? It\xe2\x80\x99s desi time: Jio mere laal... JioMeet MakeInIndia ",16,108,0.5,-0.375,Negative
499,2020-07-03 08:09:10,b'JioMeet \nBoycott Jio\n\nDownload Zoom ,4,41,0.0,0.0,Neutral
